Periode,Comments,Label
September,terawan ini minta data sama anies  pakar pandemi kenapa ngga dimintain data,0
September,kenapa  bantuan  dari  pemerintah  masih  d pilih  kenapa  juga  bantuan  nya  turun  dari  rt   dulu  kenapa  tidak  langsung  warganya  yang  d  beri  bntuan  yang  kena  dampak  virus  ini  semua  g  ada  pandang  bulu  kenapa  bantuan  ny  masih  d pilih   sama   rt  ny  tolong  dong  mata  nazwa   yang  dari  tanggerang   mauk  tidak  adil  dalam  membagi  bantuan  untuk  desa,0
September,mentri jokowi sekarang pandai sekali,1
September,pak jokowi  tolong segera lockdown pak  klo mau sakit biar sakit sekalian  tp stlh itu beres  kami warga saat ini ibarat sedang sakit keras dan butuh dioperasi  meski operasi itu sakit tp menyembuhkan  drpd hanya sekedar dikasih obat penghilang rasa sakit tp penyakitnya ga sembuh  skrg sdh hampir  bulan kami sesama warga saling membantu memberi makan  tp klo bgini trusan  akhirnya uang yg kami korbankan untuk berbagi dgn warga yg tidak mampu pun akan habis tetapi mslh virus blum jg beres  tolong pak jokowi  jgn biarkan kami orang ekonomi kelas menengah sampai tinggal rupiah terakhir baru kalian lakukan lockdown  klo bgini akhirnya kaum ekonomi bawah dan menengah sama mati kelaparan karna kalah napas  kami sangat sedih  pak  setiap malam berdoa air mata rasanya sulit ditahan merasakan hidup di kondisi seperti saat ini,0
September,kerja nya bikin panik warga  aja ni bu nazwa bantu dong pemerintah dengan doa dan berita yang baik agar indonesia terbebas dari corona  bukan terus terusan nyalahin pemerintah,0
September,corona diwuhan tp disini gk mau antisipasi  menganggap enteng dan takabur    akses internasional malah gk ditutup    ingat suspek pertama dari mana,2
September,sudah tau di negara komunis cina terjadi endemik penyakit corona virus  ada sebagian orang malah meremehkan dan mengundang wisatawan dari negara sumber penyakit  jadi kalau sekarang di ri terjadi pandenik covid  yang dampaknya sangat merugikan masyarakat salah siapa  sudah begitu  bapak anis baswedan berjuang sebaik baiknya agar penyakit tidak menjadi pandemik malah di buli habis habisan,0
September,seorang ilmuwanpeneliti  tidak akan bisa memimpin publik  contoh konkrit bj habibi  jadi kalau di jadikan pejabat publik harus dipikir ulang karena bukan habitatnya harusnya dikembalikan ke habitatnya,0
September,kalau ingin nanganin cepat ya lockdown  pemerintah masih takut rugi gk ada kemasukan,0
September,makanya jangan pilih presiden yang nggak punya otak,2
September,corona    comunitas pecinta rondo mempesona    hoax tu corona  bikin susah rakyat aja lhoo,0
September,kurangnya kesadaran warga di pademi corona lebih baik jam operasi krl dan kendaraan bermotor  mobil dan motor  kecuali angkutan mobil box truck   dibatasi mulai pagi jam   sore jam    diluar jam tersebut semua kendaraan bermotor dilarang beroperasi di seluruh jabodetabek,0
September,seperti nya  pak anis sudah mulai bijak   mantap  tpi kok mata najwa jadi mulai aneh ya   saya tdi nya sangat respek sama mata najwa kok sekarang jadi nggak  bu yg mempersulit siapa,1
September,bln ini mumpung ada program pembebasan napi   maka silahkan buat kalian yg geram dgn pemerintah pusat lontarkan aspirasimu wkwkwk   semoga kalian puas,2
September,salut sama kedewasaan berpikirnya pak anis open minded  dan gak nyalanyalahin,0
September,nazwa mancing pengen membenturkan antarpemimpin    cuma gagal  lama narisi pengen jadi provokator kynya,0
September,gua kira psbb itu  ide  dari pemerintah pusat  ternyata dari dki ya     kya bodetabek yang malahan ngikutin jakarta bkn atas pemerintah pust     perasaan gw gtu ya wkwkwk,2
September,bonus pemerintahan sekarang adalah para pemimpin didaerahdaerahnya punya kompetensi sebagai leader  pemerintah pusat hanya sebagai formalitas sebagai birokrasi saja,2
September,anies baswedan mantan anggota palang merah remaja kemudian jadi  gubernur yg tugasnya melayani warga  jadi ud latihan bermasyarakat  daaan  joko wi petugas partai yg bekerja sesuai perintah kalo nggak ada perintah mana ada respon   tunggu perintah dong,0
September,sekali kali pengen liat pak presiden muncul di acara acara seperti ini  memberikan statement dan penjelasan tentang semua kebijakan yang diambil dan menjawab pertanyaan pertanyaan kritis yang diajukan secara langsung  kurang puas rasanya kalo cuma denger dari jubir jubir,2
September,kang emil joss cara memberi staintmen nya beda jauh ama gub dki yg mbulet,0
September,habis gelap terbitlah terang next warga indonesia akan bijak memilih mana yang bijak dan mana yang tidak insyaaallah akan datang pemimpin yang benar bisa memimpin dengan adil dan bijak untuk rakyatnya  semoga dengan kejadian ini semua rakyat indonesia akan lebih cerdas lagi memilih pemimpin untuk masa depan negara kita  amin,0
September,welcome to indonesia    statment para gabenor lagi mudah aku fahami dr statment presiden menteri kesihatan,2
September,pemimpin dunia  yang tidak peduli sama rakyat nya di bongkar oleh corona,0
September,apakahh indonesia ini akan musnah,0
September,coba atuh  presidennya ikutan diskusi    mba nana   pngen denger tanggapan pak presiden di sini,2
September,pemerintah harus perhatikan tim medis melengkapi apd  fasilitas tempat tinggal dan makanan sehat,2
September,semua orang berharap pirus ini tdk menyebar keseluruh indonesia dan cepat berahir namun klau obyek pital tdk ditangani dan diawasi dgn baik oleh pusat mka daerah akan kewalahan dgn kewenangan,2
September,bukan berbelit belit    tapi biar duit apbd daerah keluar    korbannya rakyat kecil lagi,0
September,kemenkes hrsnya tau diri mengundurkan diri ckckckckckck gak pernah mau di tanyain ttg pandemik wadadidaw sdngkan dy yg paling lambat sidak ke rs liat kesiapan dr januari  ngapain ajaaaaaaaa,2
September,pak president pak wakil president  pak menkes pada kemana yah,1
September,pak anis biar saya wakili kalau emang bapak gak mau bilang bahwa pemerintah pusat nyatanya tidak peduli dengan rakyatnya karna selalu memandang remeh ketika ada masalah yang menyangkut pada masyarakat,2
September,p anies sekarang darurat kesehatan rakyat,0
September,p anies selamatkan rakyatmu tdk usah menunggu kebijakan pejabat lain yg tdk bertanggung jwb,0
September,indonesia butuh seribu jurnalis sprt najwa shihab     setelah menkumham saatnya menko maritim di koreksi najwa shihab     bravo najwa shihab,0
September,kesimpulan nya  lelet yang bagian ngurus makro kesehatan,2
September,lelang jabatan pasti unik,0
September,jadi pejabat kan modalnya besar jadi urusan bagi bagi bantuan ya berbelit waktu pejabat cari suara pon rakyat berbelit    introspeksi diri,0
September,pak anis lebih bijak nanggapin   pertanyaan mbak nana   seorang pemimpin yg cerdas ga mau nyalahin orang lain    sebenernya masalah corona   ini murni kesalahan pemerintah   yg lamban antisipasi   terlalu sombong   dari awal,0
September,pak terawan mana ya semenjak pandemic cov pecah d indonesia beliau  tak nampak lagi  mbak najwa requezt dong undang pak terawan di mata najwa,0
September,menkes kemana yaaa gak pernah muncul memimpin penanganan covid,0
September,pemimpin sesungguhnya atau superhero itu muncul saat kondisi genting pelik pak anies bergerak cepat  depan camera or operasi senyap pun sangat kita rasakan koq    pak anies    anda superhero,1
September,isu dunia yang ditangani cara lokal,0
September,macam mana yaa kalau laa corona itu bisa di tangkap sudah lama di ringkus tp kan ngak mampak,0
September,mendingan ini menteri kembali jadi dokternya calon orang kehilangan akal sehat aja,0
September,yg ditanya pa anies terus nanti difitnah cari panggung   mbo ya yg lainnya  yg terbelit dan terlilit elektabilitas,0
September,mata najwa telat   pa gubernur dulu lagi sibuk nana malah diem   udah parah baru ikut heboh   seandainya dulu pd nurut pa gubernur lain cerita   begitu lo mba nana dan yg lainnya,0
September,semua negara  asia  eropa  amerika  tdk ada yg mengerti cara menangulangi virus ini krn virus baru yg belum dimengerti cara berkembangnya  jangan terlalu menghakimi pemerintah  berpikirlah apa yg kamu buat untuk  negara  linkungan dan bangsa ini  pemerinta juga sdh bekerja maksimal bukan tdk perduli sm rakyatnya,2
September,kecepatan kurang ketepatan,2
September,rapat koordinasinya aja itu si menkes gak ada,0
September,pemerintah pusat lepas tangan wilayah bertindakan sendirian,2
September,jadi runyem gara si corona sakti jg y corona bisa bikin dunya jadi gemparr,0
September,kalau masih bisa dibikin sulit ngapain dipermudah  urusan rakyat saja masih disulit gimana caranya golek bathi,0
September,transportasi di jakarta tetap membludak utama nya krl kenapa tuan gubenur tidak dengan tegas memerintahkan pengusaha untuk menghentikan kegiatan   apa nunggu banyak korban dulu,0
September,keputusan nya mencla mencle   jelas yg mana pak    lising dan bank tidak mengikuti kebijakan anda tuan presiden    gak mau melaksanakan penundaan pembayaran cicilan,2
September,himbauan dari gugus tugas tidak dilaksanakan dengan baik oleh pelaksana lapangan di semua lini layanan pemerintah  gimana pengawasannya,2
September,lebih tanggap pemda dibanding pempus,2
September,semangat untuk bapakibu pemerintah daerah  kalian menunjukkan kinerja yg baik pada situasi genting seperti ini,2
September,emng gak jelas disini kelihatan kasitas pemerintah sebenarnya bayangkan ini perang senjata sya gak yakin rakyatnya bakal merasa aman,0
September,presiden itu ga cukup bermodal baik hati presiden harus lah baik hati   jujur   pintar berwawasan   cekatan mampu berpikir sendiri  saya liat presiden yg sekarang bahkan ga mampu untuk berdiskusi  lawan   jika berpidato harus pake kertas   kalau berkomunikasi dengan luar negri harus di dampingi minimal  orang,2
September,dulu di mata najua ini banyak penyokong si anu kok sekarang takada  baru tahu pemimpin itu kalau cerdas cepat tanggap  dan tidak lelet,2
September,kalo mau psbb seharusnya serentak donk,2
September,skrg saya mau tanya  klo seandai nya mba najwa jd org berpengaruh di indonesia apa yg mau anda lakukan mba,2
September,kasian mba nana beberapa episode kebelakang dikibulin sama menteri kesehatan   corona hanya hoaks   itu lah kesombongan yg hakiki,0
September,luhut tu orang tdk py hati  pantas untuk di pecat  dia lebih mentingkan ekonomi drpd nyawa rakyat  po g takut tu yg nmy luhut kena hukuman dr allah    ingat pak luhut wabah ne ujian dr allah  bs saja menyerang anda,0
September,goblog nya msh d bela  ngerihnya buzer buzur pd gentayangan  kritik  npa wouy salah ya salah benar y benar  tuh keliatan msh pd pinter trio gubernur dki jabar jateng tuh transfaran ke masyarakat mau gaet para ahli dan ilmuan,0
September,kalau ada uang kerja cepat   cepat di garong cepat di korupsi cepat maling pemerintah menikmati,0
September,ues kl pk jokowi dan jajarany bebelit dan g sanggup ngurus corona  mending mundur ganti yh lebih pekak san cekatan untuk menyelamatkan rakyat indonesia,0
September,wah ini acaranya terlalu memojokkan pemerintah pusat yang bergerak amat sangat cepat  secepat kilat  contohnya mengeluarkakan bejibun himbauan yg sangat delberfaedahdelbrbicari aman aja daripada dicidukib,1
September,rakyat kita sudah cerdas   bisa menilai mana yg bisa kerja mana yg kerja ny hanya di depan kamera,0
September,awal  kemiskinan sudah mulai  sampay kpn musibah ini y allh,0
September,ngomong lancar karena gajih gede coba kalo jadi kuli mau ngomong apa,2
September,pemimpin pusatnya gak becus dan mengaggap remeh soal covid,0
September,pak presiden kami ini manusia  tolong jangan bunuh kami perlahan   tolong lengkapi alat penunjang kehidupan spt ventilator di rumah sakit dan puskesmas seluruh indonesia,0
September,di jawa bnyk yg tidak dpat bntuan begitupun yg luar jawa    utang  triliun cuma buat senang para koruptor sja,0
September,klw lockdwon utang negara semakin besar    sekarang saatnya indonesia bersatu saling bantu  saling membagi rezki    karna musibah ini tdk di terima hanya satu golongan tapi semua golongan merasakan   termasuk pak presiden dan semua anggota nya   karna untuk menekan hutang indonesia tdk melakukan lockdwon,0
September,lucunya negriku      orang cari makan buat hidup dg halal karena uu psbb bisa di pidanakan     narapidana yg cari uang untuk foya foya di bebaskan,0
September,kalau dulu ada staement corona tidak masuk ke indonesua karena birokrasinya berbelit  belitbrbrkalau sekarang corona susah keluar dari indonesia karena birokrasinya berbelit  belit,0
September,beberapa pertanyaan nana   semestinya ada moment anies bisa mengabil kesempatan untuk quotmenyalahkanquot pusat tetapi dia tidak lakukan itu,2
September,itu yang rapat virtual dpr ada suara bersin keras banget wkwkwk aku yakin bersinnya ngga ditutupin,2
September,percumah sekalipun di jorokin emang mentok tetep diam ga bisa apa apa  ada yg punya ide di jegal,0
September,luhut memang memang biang bikin kacau negeri ini    sayangnya dia juragannya jokowi    alias bohir pilpres jkw     jadi jokowi lalalolo tok ga iso mecat luhut,0
September,jokowi udah gila kali ya    si tikus rakus luhut harus dilempar ke penjara,0
September,ya ini semua salah kita dulu   milih pemimpin yang pelihara buzzer   alhasil apa selalu dibela buzzer  sudahlah   si anu dam jajarannya lihat nyawa cm data statistik dan gak lihat nyawa sbg hal berharga   kita sdh tau klo mrk itu gak becus urus virus   kita sbg rakyat tinggal pasrah tinggal tunggu mati aja   mati krn virus atau mati krn perut lapar dlm situasi sulit akibat covid  semoga kt semua selalu sehat dan selamat,0
September,negara ini gak serius menangani covid atau tdk memiliki kemampuan  semoga bapak jokowi bisa menjadi presiden seterusnya sampai  periode supaya negara ini bisa dijadikan tumbal,2
September,pemerintah terlalu banyak menuntut terhadap rakyatnya  tuannya  ancam sana ancam sini  giliran rakyat yg menuntut perlindungan akan kebutuhan kehidupannya  pemerintah terlalu banyak ngeles    tolong pemerintah seimbangkan antara tuntutan terhadap rakyat dan kewajiban pemerintah terhadap rakyatnya  klo ga bisa  ini bisa jd potensi rusuh,0
September,president jokowi tidak bertanggung jawan dengan wabah covid   dia sama opung tidak mau melingdunggi rakyatnya  brseorang gubernur kerja keras  tatut dia sama anis  masya allah cara dia bicara sampai boss says acunkan jempol untuk anis we can see who is the leader        the way he explain very smart n very interesting words,2
September,maaf ye saudaraku d indonesia  stay safe ye  kami warga malaysia mendoakan warga indonesia sama bersatu melawan covid ini,0
September,setuju sama anis kali ini  data yang ditunjukkan memang real  tapi kalo yang sebenarnya ya nggk mungkin segitu karna kapasitas kita kemungkinan belum memadai  jadi bagi yang ngomong data gk bener ya bukan salah tapi bukan bener juga  apalagi yang bikin data perkiraan  semua juga bisa klo cuma gitu doang,0
September,kepingin lihat acara mata najwa juga conference ke presiden ri  terkait kebijakan nya yang dibuat dari awal kes covid ini ada di indonesia  apa bisa setegas ini si najwa bertanya       hehehe  pasti atut kali ya    semoga aja dalam waktu dekat mata najwa bisa hadirkan pak presiden berdialog tentang covid,2
September,skilas saya kira judulnya terbelit usus corona,1
September,kalo daya tampung sarana transportasi dikurangi  itu berpotensi merangsang masyarakat buat pake kendaraan pribadi  semakin banyak yg pake kendaraan pribadi  jalanan bakal tambah penuh  tambah macet  gitu ga sih,0
September,gatau da indonesia lambat  udah tau penularannya cepat malah leha,2
September,putus hubungan sama china slelsay perkara   komunis itu jahat sgala cara dilakukan untuk menghancurkan  jauhi jgn didekati apalagi ditemani   bergaul sama maling ya jadi malingbrbergaul sama perampok ya kita jdi perampok juga bergaul sama penjahat kita pun ikut jdi penjahat,0
September,memang berbelit dan tidak kompeten mba  salah satu contoh  orang yang melanggar psbb diancam hukuman penjara  sementara yang sudah dipenjara pada di bebaskan dengan alasan kemanusiaan covid,0
September,klo semua nya usai baru semua pemimpin yang ilang nongol mengklaim ini hasil kerja saya jiah hihihihi,1
September,membuang masa dengan teori,0
September,hahahahhahahhahaaa yang berbelit itu anis baswedan bukan pusat   bagi yang terhipnotis dan terbuwai dengan  penjelasan anis maka tidak akan fokus  dikira  hebat kerja keras hahahaa padahal plin plan  warga  benarbenar gampang di tipu  dikitdikit panik  dikitdikit nyanjung  dikitdikit menghujat,1
September,terkesan tidak sinkron pusat dan daerah hrsnya kompaknkrn ini bencana kesehatan  kemudian kalau masalah pengurusan ijin investor dgn tegasnya dipangkas sementara bicara penanganan covid terkesan terlalu prosedural  jd muter   spend time sementara ini darurat kesehatan  sementara kecepatan penyebaran begitu cepat  hrsnya tindakannya lbh cepat juga  gmana ekonomi mau bisa jalan kalau masyarakatnya pd sakit  dan pd ketakutan  jd masyarakatnya dulu yg diurus  sehatkan dulu   kompak dan fokus dlm penanganan ini  dan lakukan secara extream   dan ga terkesan lempar tanggung jawab     sementara yg jd korban berjatuhan dan terus nambah,0
September,ya ampun pemerintah pusat melindungi rakyatnya dari covid amat memprihatinkan,2
September,anies itu seorang negarawan sejati    tidak semua pejabat juga negarawan  melainkan hanya sedikit sekali    beliau juga pemimpin yg diikuti rakyat yang dicibtainya  dan mencintainya    barokallah pak gubernur indonesia,1
September,setidaknya pemerintah pernah gerak sangat cepat  revisi uu kpk,1
September,salah satu syarat jika anda ingin menjadi politikus handal  ketika mulai berkomunikasi dengan lawan bicara jangan lupa untuk memulai kalimat dengan katakata  jadi beginijadi yang harusjadi sebenarnyajadi  kata pembenaran     lalu mulai lah bicara secara panjang dan terus berputarputar atau berbelitbelit  ingat     jangan to the point atau jangan jujur,0
September,jujur pemerintah republik saat ini kalah tanggap dengan pemerintah kolonial hindia belanda ketika wabah melanda,0
September,buang biayah pak kalo tidak di karantina wilayah    virus beres ekonomi pasti segera normal kembali     buat apa di puji negara lain tp rakyak pda sakit kena viruz berkepanjangan,0
September,tanggapan saya sebagai seorang yang awam    memang iya  mungkin berapa waktu lalu indonesia seakan meremehkan covid  saya juga geram dengan hal itu  tapi  positif thinkingnya itu untuk meningkatkan optimisme pemerintah    brterus sekaran semua elemen sedang berusaha untuk melawan covid    brsemuaa lapisan pemerintah bekerja keras untuk melawan ini  saya juga setuju kalau pemerintah tidak memperlihatkan situasi darurat  brtapi jangan selalu menyalhkan dan jangan selalu membahasa yang sudah terjadi      brmengkritik sangat mengajukan saran jelas hak kita    tapi menyalahakan buka hak dan bukan hal yang harus dilakukan   brbrsaya lebih sering membaca halhal yang lebih menyalahkan dari pada hal mengkritik dan memberi saran serta solusi,2
September,klo sy gelisah soal dampak dari coronanya terutama dari ekonomi,0
September,mungkin ke depan jabodetabek jadi satu wilayah pemerintahan dengan satu orang gubernur,1
September,jd selama ini para penguasa benar pencitraan   ketika masalah datang keliatan gobloknya,2
September,kinerja pak anies dan pak ridwan luaaarr biasa  sangat masuk akal dan nyata  kinerja pusat dan menterinya moonmaap,2
September,bnyk yg gemas dgn situasi tetapi phobia dgn hukum  brmau mengeluh  mau mengkritik  dan mau marah  tapi apalah daya remahan hanya habis di makan semut  brdefinisi kritik dan hinaan antara penguasa dan rakyat sangat jauh berbeda   brbrquotkalian maha benar  kami selalu salah quotbrquotkalian sungguh sempurna  kami penuh dgn kekuranganquotbrbrkalian lah sang penguasa,0
September,our story dan semua yg koment  pake nama palsu   msh lama  pandemic depan mata jgn adu domba deh   bersikap jujur   yg beber ya bener yg salah ya salah,0
September,buat mbak najwa jangan tkut bicara kebeneran,0
September,semakin gw tonton semakin gw emosi anjir  kata kasar yang ada di otak gw pngen gw tulis semua  arrrrghhhh,0
September,kalau dari pemeritah pusat tegas dari awal   dan memikirkan rakyatnyabrkorban covid  tidak akan bertambah  brsemoga wabah ini cepat berlalu  amin  yra,0
September,sudahlaaaaaaaaaah  kapan mba nana siap jadi ri tanpa partai atau buat partai baru  muak saya sama semua nya,0
September,hikma adanya covid adalahbrtuhan mau memberi tahu hambanya bahwa quotsaperti inilah pemimpinmuquot,1
September,kalau pemerintah mau jujur dan minta maaf masyarakat pasti bisa mengerti    tapi gengsi pemerintah mengalahkan naluri kemanusiaan,2
September,psbb itu harusnya dari dulu di terapkan  kalau sekarang mah mestinya karantina total  ga ada orang masuk dan keluar dari wilayah pandemi  jadi ga menyebar dan cepat teratasi,0
September,temu lawak  astagfirullah negara kena musibah ati ngomong ntar kena diri sndr atau klg,0
September,emang ada ya masker utk kepala  setahu ku sih helm kali ya  itu sih udah peraturan kalee,1
September,masalahnya gubernur  dki adalah anis baswedan    bayangkan kalau gubernur dki ganjar prabowo atau risma    pasti disanjung dan di puja puji kayaknya pahlawan     brdasar politik    viruspun dimanfaatkan,2
September,nyerah kelihatanya  para pemimpin ini  rumit memang ngurus rakyat ya  sementara mereka berbincangbincang kosong  sementara pasien corona nasibnya diujung napas kematian  seratus  duaratus  tiga ratus orang setiap hari,0
September,belum ada  pemerintahan pun yg pernah mengalami wabah se masive ini mulai indonesia merdeka  brnegara yg lebih maju pun kalang kabut dgn betapa pelik amp dilematisnya dampak covid ini  brbrkecewa  geram  nyinyir  protes  boleh saja     asal bawa data yg komprehensif  berimbang amp disampaikan secara sopan  brbr  ciri kesopan santunan indonesia mulai terkikis sejak maraknya sosmed amp akun alter netijen   brbrnb sy ga pernah fanatik terhadap manusia manapun    karena fanatisme identik dgn kebodohan amp tertutup nya pola pikir  brbrjaga kesehatan badan  kesehatan pikiran amp kesehatan hati kita masing  brbrtidak ada media yg netral di dunia ini  semua media pasti berpihak    tinggal berpihak kemana  brpenguasa  brpengusaha  brpemilik media  brgolongan agama tertentu  brkebenaran  bratau kemanusiaan,0
September,orang case  br orang meninggal  br orang sembuh  br orang yang planga plongo,1
September,birokrasi membunuh bangsa          setiap hari ada berita pemerintahnya bikin seremonial  penyerahan bantuan  bla bla bla  sampe sempat bikin spanduk segala       oh  tuhan,0
September,negara tidak mau lockdown karna tidak mau ngeluarin duit buat rakyat  jauuuuuuuuuuh sama malaysia  klo buat rakyak mah  omong doang bantuan t    turun kerakyak kaga  kalo pun turun gk merata  dimalaysia gelandangan aja diperhatikan  miris liat negri ini  banyak mafia politik yg hanya mementingkan dirinya dan kelompoknya sendiri,0
September,ribet lah   sekalian la tutup total sebulan aja selesai lek  aduh aduh aduh   ribet,0
September,cape bro terlalu banyak yg menyalahkan yg satu dengan yg lain  berfikir lah kite quot secare jernih,2
September,mantap    disituasi yang sangat berat sekali buat bangsa ini     narasi news menciptakan ruang untuk menumpahkan segala bentuk kebencian,2
September,banyaknya pegawai pabrik yang diliburkan  lalu mereka semua pulang ke kampung masingmasing    brbrnah     saya berharap saja tidak menyebar ke wilayah lain,2
September,mata najwa kok jadi corong anti pemerintah  kovid  itu wabah dunia pandemik  semua negara juga pada bingung cara menangulanginya  jadilah pengayom bangsa dan menangulanginya dengan bersatu dan gotong royong,0
September,bisakah seorang presiden dipecat     gemes gue,2
September,yang di tes se nusantara baru  ribu  di negara lain rata dah ratusan ribu  bahkan negara maju dah jutaan di tes swab   per hari ini itu ilusi,2
September,masalah wabah    seharusnya gak ada yg disalahkan  intinya pak perlu berdebat     az  brsyukur kehidupan  hidup itu sadar dari hati  bukan sadar dari fikiran dan akal  br,0
September,awalnya takaburbr quot indonesia bebas corona  orang indonesia tahan corona krna ini itu  quot sekali masuk kena  org  penyebarannya g terkontrol  menkes nya ketawa ketiwi bikin guyonan soal corona  skrg ngumpet dan g ad ide yg cemerlang dri menkes,0
September,quotkemenkes tidak datang teleconference  menarik  quot dari ekspresi mbak nana  i feel you too mbak,1
September,wanted bapak terawan  brbrdicari bapak terawan yg terhormat  brbranda dimana  dengan siapa  sekarang berbuat apa,1
September,mff jngn menyalhkn presiden  krn presiden melakukn ini itu jg atas data menkes   menkes yg dr awal terlalu bhkn sangt terlalu santuy       sekrang kedodoran   aplgi yg di daerah,2
September,salut sama pak ridwan kamil yg nyedian bahasa isyarat  ingat mereka juga punya hak utk informasi penting ini  at least klo gaada penutur isyaratnya  adain text sepanjang acara,0
September,jelaslah pemerintahan pusat jokowi leleeeet  lamban  menyianyiakan waktu  bulan januarifebruari  dengerin mentri ngomong quotcuaca indonesia panas virus cororna mati sendiri  tak akan ada wabah corona dllquot  tambah lagi bukan karantina tapi psbb  psbb leleeeet lagi  dki cepat tanggap  di awal februari sudah bergerak  anak sekolah belajar di rumah  dah sekarang psbb  beri rakyat indonesia makan  keluarin uang  trilyun  selamatkan nyawa rakyat daripada ibukota baru  beri sembako yg rata pada yg hilang penghasilannya  jangan dikorupsi    mata jeli  korupsi jangan diberi hati,2
September,buat gubernur ridwan kamilbrgak usah bapak mikirin masalah arus mudik yg masih lama pak  puasanya aj blm   udah mikirin mudiknya  brmending bapak fokus gmn caranya supaya masalah ini selesai dgn cepat bahkan berusaha sebisa mungkin selesai sblm ramadhan tiba  itu lebih kami hargai divanding bapak bicara mui hrs mengharamkan mudik  gak nyambung pak yg lg divahas itu corona dan bapak sebagai pemerintah di tuntut untuk bagaimana menghadapi masalah corona ini bkn malah melebar ke mana mana     brbicara untuk hari ini dulu jgn yg blm kita hadapi dibahas nanti ujung nya telat trus kebijakannya,0
September,menurut perkiraanbr orang di kali    orangbrserem juga kalau kenyataannya seperti itu tp yang tercatat  orang  alahmdulilah berati sisanya mungkin sudah sembuh  dan turut berduka cita untuk yang telah wafat,0
September,coba kalo sekarang gubernurnya ahok  mungkin kebijakannya bedaquot,2
September,mengelola negara kebanyakan gimik  negara gini mau protes aja klo di underestimate  lah memang under kok pada protes bukannya sibuk berbenah,0
September,daripada berbelit   lebih baik kita minum kopi kapal api  bisa menyembuh penyakit corona,0
September,udah    jgn pd khawatir    corona bisa sembuh sendiri    sembuh dengan cara mati sendiri,2
September,saya pmilih jokowi   brsenang dgn ahok   brtapi kalo benar apa yg d wacanakan ma pak gub jakarta    brjangnlah menutup mata dgn kputusannya dan jangan malu apresiasi   brsalut p  anies,0
September,seperti yang sudah saya duga januari lalu  china dalam  minggu bikin rs  indonesia dalam  minggu keputusan aja didebat tanpa ada ujungnya  hari gini diktator lebih diperlukan,2
September,bapak jokowi yg terhomat    klo bapak gak bisa ngurusin negaragak sanggup mending mundur saja pak     kasihan rakyat pak dikorbanin terus    mendingan bpk ngurusin,0
September,ibarat anak kelas  sd disuruh ngerjain tugas anak sma  ya seperti ini lah kejadiannya   kualitas itu tidak bisa dibohongi dan saat seperti inilah diuji,0
September,siiip  dan gak salah   najua ini mmg pembawa sekaligus penyampai yg khusus di jontrak oleh saudaranya yaitu anis bas edan  kan sama ktrnn kadron  g prn ada berita najua tntg propinsi lain selain jakarta   tau kan emang jakarta aja  msh bnyk lagi yg lain,0
September,corona  sebuah drama media dan data  brsuka amerika inggris italy mau bikin kematian ribuan atau juataan  are real,0
September,keliatan bodohnya gubernor maling ni  kalao yg kena firus golongan babi berjenggot gpp,0
September,inget di beribatasan malah jalan  di larang pulang kampung malah pulang jadi jangan salah kan pemerintah tapi salah kan diri kita dahulu bahwa kita tidak bisa di siplin diri sendiri,0
September,mana menkes nya  kok nggak muncul,0
September,itulah akibat dari meremehkan dan tidak transparan dari awal  belum lagi ditambah beredarnya informasi yg tdk bertanggung jawab dan pembodohan yaitu imun tubuh kita lebih kuat karena terbiasa makan jorok   makanan berformalin dan gorengan plastik    jangan hanya mau menerima yg sedap didengar yg belum tentu benar dan menolak kebenaran yg pahit,0
September,menurut ane perhitungan bpk sulfikar amir dari ntu dengan membandingkan jakarta dan kota yang disebutkan apa sudah memperhitungkan berdasarkan data wna yg masuk ke jakarta ketika kasus itu terjadi dibandingkan dengan kota yg menjadi pembadingnya  sebagai contoh antara thailand dan italy pun dengan jumlah penduduk yang kira sama tapi jumlah kasus  yg di data bisa jauh berbeda,0
September,ini seakan pusat lepas tangan  jd hanya daerah yg aktif menangani covid  apa guna status bencana nasional donk   brini ni yg sy kecewa,0
September,hahahha  pusat sama daerah aja g sinkron,2
September,gini pak gubernur seharus nya orang asing masuk ke indonesia wisatawan misalnya itu harus dikarantina dulu minggu sblum orang asing itu berbaur dgn masyarakat indonenesia jgn main nyolonong aja gk diawasin   dibandara terutama   harus ketat   trus pemerintah pusat juga gk serius menangani virus ini seharusnya udah disiapkn tmpat karantina bagi orang asing,0
September,di tengah kesulitan rakyat seperti ini rakyat sdh menyadari mana pemimpin yg  cerdas sangat pro rakyat,0
September,kualitas pemimpin ilmu nya urus yg genting gaya rendahan urus uang pinter,2
September,harusnya pemerintah sadar  bahwa byk rakyat yg sdh kesal sm pmerinthn jokower  cb ngobrol lnsg sm rakyat pasti sm jwbannya,2
September,dari awal udah di beri tau malah di anggap enteng ama mereka dsar dungu  kita doa kn saja semoga corona nya ke para pemerintah  luhut dan rezim biar mereka mmpus semua dgn corona,0
September,mulai dari bpj sampai corona bisa dinilailah,1
September,kalau dari argumen dr rafly harun menggambarkan betapa quotpekoknyaquot dan dungunya pemerintah pusat,2
September,najwa  kita bicara jakarta mas anis   gak usah bicara yg lain  brbrheee heeebrpusing najwa liat jawaban anis,2
September,hancurkan gedung bebas corona,0
September,saya puji prestasi pak ahok  pak erick  pak basuki serta ibu mulyani  keempat tokoh ini telah mampu menunjuk kan kemampuan mereka sebagai leaders yang cukup berprestasi  kreatif dan resourceful       apalagi dengan keadaan yang semakin sulit seperti sekarang ini  sehubungan dengan tokoh pembantu presiden yang lain nya        mereka itu ibarat nya seperti pemain figuranextra yang kerja nya cuma menongkrong saja      maaf  tapi ini adalah kenyataan                                       brada lagi saat ini  berkembang suatu gejala cukup memprihatinkan  pada  saat  kita  sedang  perluperlu  nya  persatuan  serta kesatuan  dalam  memerangi  pandemic  covid   kesan nya   republik  ini  malah  saling  terkotakkotak   pada  saat yang  bersamaan   bagi  rakyat   persatuan  serta  integritas bangsa  bukan  berarti  melaksanakan  kewajiban  serta  hak bernegara  tanpa  ketidak  sepakatan   kokoh  nya  persatuan  serta  kesatuan  bukan  berarti rakyat  harus  meng  iyakan  kebijaksanaan  atau keputusan  pemerintah  yang  tidak  benar   didalam  sebuah negara  demokrasi   kebenaran  yang  sifat  nya  hakiki  itu tidak  ada   semua  kebijaksanaan  adalah  suatu  hasil  dari analisa   pertimbangan   wisdom  dan  musyawarah   oleh sebab  itu   dalam  demokrasi   keabsahan  dari  suatu keputusan  pemerintah  bukanlah  suatu  eksklusif monopoli  kubu  atau  partai  politik  manapun   dengan  kata lain   hanya  rakyat  lah  yang  berhak  dan  dapat  me legitimasi  kebijaksanaan  pemerintah   bukan  badan badan  legislatif  yang  sedang  berkuasa   bukan  hanya  itu  pihak  yang  mendapat  amanat  dari  rakyat  akan kekuasaan    harus  dengan  legawa  menerima pertanyaan   analisa  serta  kritik  atas  segala kebijaksanaan  yang  pemerintah  itu  sendiri  keluarkan  tanpa  berprasangka   in  a  democracy   check  and  balance  and  also accountability  from  possessing  power  are  a  must  apa  yang  terjadi  di  negara  ku  tercinta  akhirakhir  ini sehubungan  dengan  pandemic  coronavirus   ada  suatu  perkembangan  yang  cukup  menghawatirkan   yaitu adanya  kecenderungan  pada  sebahagian  pejabat pemerintah   tokoh  masyarakat   media  masa  serta  para buzzers  pendukung  pemerintah  pusat  untuk membangun  suatu  narasi  bahwa  seolaholah  berbagai kelompok  lapisan  masyarakat  dari  berbagai  penjuru  di seluruh  indonesia  yang  tidak  sepakat  dan  melontarkan kritik  keras  adalah  seolaholah  anti  pemerintah   lawan politik  dan  perlu  dipertanyakan  loyalitas  nya  terhadap bangsa  dan  negara   tidak  percaya   silahkan  anda  lihat  sendiri  berbagai macam  comments  baik  di  media  masa  maupun  social media   bagaimana  berbagai  tokoh  masyarakat   tokohtokoh  pemerintah  daerah  yang  tidak  sepaham  atas kebijaksanaan  pemerintah  pusat   serta  rakyat  biasa  yang mengkritik  serta  memiliki  pendapat  yang  berbeda dengan  pemerintah  pusat  dalam  hal  penanganan pandemic  covid   berbagai  macam  bulian   hujatan anti  pemerintah  serta  intimidasi  hukum  melanda  bagi siapa  saja  yang  berani  membuka  suara   sekali  lagi  saya tekankan  bahwa  hal  ini  sedang  terjadi  di  indonesia dalam  suatu  kerangka  narasi  dan  kecenderungan   saya  bukan  seorang  yang  naif   saya  tahu  dan  percaya bahwa  memang  ada  sekelompok  oknum  yang  selalu mencoba  memancing  ikan  dalam  kekeruhan   tapi  bukan berarti  rakyat  dan  setiap  kelompok  yang  mengkritik kebeijaksanaan  dan  mempertanyakan  kompetensi pemerintah  dalam  penanganan  pandemic  covid  itu adalah  lawan  politik  yang  tidak  setia  kepada  persatuan serta  kesatuan  republik  ini   justru  sebaliknya   saya serta  jutaan  rakyat  indonesia  seperti  saya  ini  sangat mencintai  indonesia   mohon  kita  semua  ingat   bahwa kecenderungan  sebahagian  rakyat  indonesia  dalam meng  idolkan  figur  tokoh  pemimpin  di  atas  kerangka hukum  serta  nilainilai  demokrasi   yang  antara  lain adalah  kebebasan  melontarkan  pendapat   kebebasan pers   kebebasan  beragama   dll   adalah  sangat berbahaya  dan  amat  disayangkan   there is a thin  line between democracy  and  authoritarian  yang  terakhir   perlu  diketahui  bahwa  saya  adalah  salah satu  dari  sekian  puluh  juta  rakyat  yang  mendukung beberapa  kebijaksanaan  strategis  pemerintah   pada  saat yang  bersamaan   ada  juga  beberapa  kebijaksanaan yang  saya  tidak  sependapat   salah  satu  diantaranya adalah perihal  penanganan pemerintah  terhadap pandemic  covid  yang  menurut  hemat  saya  adalah lambat  setengahsetengah   kurang  transparan  rancu  dan  tidak  efektif   brhari ini  cnn indonesia baru saja memberitakan bahwa indonesia adalah salah satu dari negara paling rendah di dunia dalam pengadaan tes coronavirus                           berikut kutipan dari cnn indonesia berdasarkan data referensi statistik worldometer per rabu     indonesia yang merupakan negara dengan penduduk terpadat keempat di dunia ini baru melakukan tes terhadap  warga  brdata itu menggambarkan bahwa hanya  orang yang menjalani tes corona dari setiap satu juta warga indonesia   angka pemeriksaan yang rendah itu pun dinilai sejumlah pihak mengejutkan mengingat indonesia merupakan negara dengan tingkat gross domestic product  gdp  tertinggi di asia tenggara  jumlah gdp kerap dijadikan patokan standar hidup sebuah negara  brsementara itu  angka pemeriksaan corona djibouti  salah satu negara kecil di afrika timur  bahkan lebih tinggi dari indonesia  negara itu sejauh ini telah melakukan tes covid terhadap  warga  populasi penduduk djibouti tidak sampai satu juta orang  brpoint nya adalah  pemerintah harus menerima dengan legawa kritik para ahli jntuk kemudian melakukan reevaluasi dan instrospeksi diri dalam membuat kebijaksanaan  kenyataan yang ada sekarang adalah  pemerintah pusat cenderung bereaksi secara defensif dan melalui para buzzerbuzzer nya malah menyerang  memojok kan bahkan meng intimidasi melalui proses hukum  dengan berbagai macam dalih hukum  berbagai tokoh masyarakat dan rakyat yang berani mengeritik  sungguh sangat disayangkan and shame on all of  you who play cheap politics  and  use this crisis for political gain,0
September,nanti klo psbb gak epektif baru lockdown  brdimna situasi sudah telat pnyebaran sudah tidak terkontrol  brgak percaya liat aja  brdimna konsumsi masyarakat sudah menipis  bryang menang yang uang nya tak ada seri  brmudahan teori saya ini salah amin,0
September,sejak awal  saya berpendapat bahwa pemerintah tidak kredibel dalam menangani pandemic covid  seperti nya dari mulai awal pemerintah gagal tanggap bahwa pandemic ini serius  pada waktu pemerintah mulai sadar bahwa ini adalah sangat serius  sudah telat    itb ungkap  ribu kasus corona tak terdeteksi di dki,0
September,benar lelucon  brmasalah kesehatan selesai  ekonomi amp sosial mengikuti otomatis  brbukan ekonomi dikedepankan  masalah kesehatan ga selesai  malah ekonomi jg ga selesai  brsimple begitu malah dibikin ribet,2
September,kenapa serasa kepala daerah malahan yg lbh cepat tanggap penanganan wabah ini ya      pusat lelet ky,2
September,pemimpin secara de jure bukan berarti juga secara de facto  kelihatan kualitas pemimpin disaat genting seperti ini  salut,2
September,mungkin kalau yg urus najwa ngga berbelit  coba deh diurusin  mungkin lebih beres dr pemerintah tp    mampu ngga ya dia  kalau cuma omong dan kritik doang  semua orang bisa ya,0
September,jgn selalu bicara menyalahkan satu sama lain  ni lah akibat sok pinter sok benner sendiri,0
September,contohi malaysiabrfasa  pemantauanbrfasa  kawal penularan brfasa  pemulihanbrfasa  pembersihanbrfasa  pembebasanbritu  bulan  hari  brcorona bisa menjadi tsunami seperti amerika italia dan lain yang kita saksikan sendiri  brkenapa harus berpolitik pada saat nyawa jadi taruhan  brtidak hairan kalau jumlah korban mencapai  jiwa jika corona d anggap enteng,1
September,kok pada kecewa sama pemerintah pusat siih     kalo kata bob sadino quotkalo gak pengen kecewa jangan berharapquot  lagian pada berharap sih lu pada   hihihi,2
September,sepi suasana nya jadi ngeri kaya tempat mati,0
September,aneh   kenapa jadi kepala daerah yg actionbrpemerintah  dibelakang layar   brntar kalo berhasil   ngeclaim   brkalo gagal di jorogin,0
September,pak anies itu loh udah dipancing pancing ngga mau juga nyalah nyalahin orang,1
September,banyakan  ngomong kapan kerjanya   sementara orang pd tewas rumah sakit penuh  pembawa acara malah ngabsen pejabat happy dipanggil mas kang    serasa suami   pesan untuk rakyat plinplan some ngawur  data ecek di paparkan  indonesia dijadikan time bomb,0
September,nasib ojol diperhatiin tapi nasib rakyat bawah gak diperhatiin buat nyari nafkah   padahal dampak psbb juga berdampak lebih parah buat pedagang kecilbrada apa dgn ojol  apa karna ojol punya media sedangkan yg nyari nafkah manual gak ada medianya,0
September,harusnya psbb seleruh indonesia sih  misal kalau do jabodetabek sudah selesai  tapi di daerah lain masih ada  berarti indonesia masih terancam  pak jokowi  saya berharap anda bergerak cepat  korban sudah berjatuhan  pahlawan medis sudah berguguran  jangan beratkan materi diatas kemanusiaan,0
September,semoga wabah ini cpt selesai jujur sy pribadi was was  sy pelaku usaha kcl sunguh berpengaruh,0
September,hai tuan yang ada di jalan merdeka barat    brquottolong jangan pernah mengelola negara dengan amatiranquotbrnanti rakyat lho yang akan menanggung akibatnya,0
September,mau komen bingung       oh ya kira apa ya tanggapan kakek tua maruf amin sebagai wapres di nkri ini tentang virus corona yg melanda bumi pertiwi,2
September,warga tidak berdosa jadi korban  mayat mayat gelimpangan  dokter  perawat orang orang hebat mati seperti tak ada harganya  dari awal january seharusnya pemerintah stop semua international flight dan usir semua china communist ke asal nya,0
September,minggu sudah di karantina meninggalkan istri yang lagi hamil  berjuang melawan covid tetap semangat tim sejawat,0
September,hrsnya scala prioritas jgn seperti urus izin menangani situasi darurat,0
September,penanganan wabah ini berbelit belit karena selalu dikaitkan dengan ekonomi padahal nyawa lebih berarti dari ekonomi nyawa tidak bisa dibeli tapi ekonomi bisa tumbuh kembali saya setuju dengan ahli tata negara bpk rafly harun,0
September,mosi tidak percaya pemerintah     dan mari kita himbau agar si dukun turun tahkta dari kursi menkes,1
September,sebenarnya    jika pemerintah daerah sudah memiliki dan bahkan sanggup secara mandiri dalam penanganan pandemi ini    pemerintah pusat bisa lebih santai    cukup dengan menjaga koordinasi antar pemerintah daerah  dan mempersiapkan sarana yg dibutuhkan secara nasional    brbrdisini terlihat    perintah pusat seperti quottakut kalah pamorquot juga sih,0
September,disini keliatan pemimpin mana yg berisi otaknya,0
September,dari awal pemerintah pusat sdh glabakan dan pada akhir nya pemerintah daerah yg bertindak jadi aman donk pemerintah pusat,2
September,daripada quotberbelitquot urus corona      lebih baik meng antisipasi dan  pahami bahwa dunia quotmenyikapiquot iklim   ternyata berdampak  terjadinya berbagai bencana    seperti kebakaran hutan  banjir   angin puting beliung   badai   tanah longsor  gagal panen    afrika timur diserang jutaan belalang    dan berkembangnya wabah penyakit  diantaranya virus  quotkelas duniaquot   covid pandemic       jadi  ternyata memelihara lingkungan alam sangat   sangat penting utk kelangsungan hidup umat manusia di dunia ini        jadi umat manusia   selama nya harus disiplin menjaga keseimbangan lingkungan alam   termasuk  mengantisipasi kemungkinan  sekali waktuterjadi  lagi banyak macam bencana alam sbg akibat  terjadi badai matahari,0
September,jelas pusat tak serius utk cegah corona  krn bandara dibuka  dernaga dibuka,0
September,kok masih kaya orang baru aja tinggal di negara  mang baru tau birokrasi  berbelit ada duit aja lama apa lagi ga pake duit cuma pake darurat,0
September,d mn janji reformasi birokrasi   apa cuma berlalku d pengrusan ktp dan administrasi publik aja   atau tergantung kepentingan,2
September,tadi sy lewat di pasar kebayoran lama masih banyak pedagang sayur yg tdk memakai masker  sy harap lebih tegas lagi jangan sampai anggaran yg di keluarkan untuk psbb itu sia karena masih banyak masyarakat yg tdk mematuhi aturan,0
September,sekarang saatnya ujian kecerdasan pemimpin yg sebenarnya  nanti masyarakat tahu sendiri secara jelas dari hadil kerjanys,2
September,bukan berbelit tapi longa longo alias bingung karena tak kada money,1
September,sebaiknya kembali keaturan semula ojol dilarang membawa penumpang sesuai dg penerapan yg terjadi tgl  dimana ojol telah di tolak masuk jakarta jika ada penumpang  atau jika ada kesalahan diaturan sebaiknya di refisi secara formal dan tulisan biar aparat kepolisian dan satpol pp tidak berantem dg masyarakat,0
September,pak wiku jauh lebih cocok jadi menteri kesehatan dibanding pak terawan  penjelasannya jauh lebih baik  tidak menyesatkan amp mudah di pahami oleh masyarakat  dan semangat untuk pemerintah daerah yang jauh lebih sigap menangani pandemi ini  semoga momen seperti ini bisa jadi bahan pembelajaran untuk pemerintah pusat yang birokrasinya berteletele  tidak efisien amp kompeten  padahal tinggal nyontek yang sudah di implementasi negara seperti taiwan amp korea selatan,0
September,tanpa kita sadari corona memberi contoh kita     quot tanpa berbicara   banyak kerja    kerja cepat sudah sampai keliling dunia quot    thanks god    pelajaran yg sangat luar biasa,2
September,kasian sebnr nya klo liat para pemerintah yg bnr udh tulus ikhlas bertgg jwb berusaha menjaga amp melindungi rakyat nya  tp kadang rakyat nya sulit skl utk di himbau apalg di larang  terlebih klo urusan nya udh soal kebutuhan hdp yg memang urgent  smua rakyat jg sy yakin bngt mau taat aturan diem di rmh klo urusan mkn mereka ada yg menanggung nya  sy yakin kok smua nya jg sebnr nya takut utk keluar rmh dengan ada virus ini  tp apa mau di kata klo udh bicara soal kebutuhan hdp amp ga ada yg bs menanggung smua itu secara maksimal  pd akhir nya beginilah jd nya  klopun kita saling menyalahkan  ga akan menyelesaikan mslh jg  pd akhir nya menrt sy yg memang org awam nih ya  utk para pemerintah yg memang bs sll amanah dlm menjlnkan tugas nya maka jlnkan smua nya dengan sebaik mungkin amp lillaahi taalaa  utk rakyat yg memang sdh paham mana yg baik amp mana yg tdk ya silahkan di pertimbangkan sndr klo mau melakukan sesuatu  kita udh sm tau amp bs beljr dr wuhan  jd pasti nya kita jg udh sm tau apa efek nya klo kita smua sll slh dlm berkelakuan  klo ada yg pny prinsip mati ya tinggal di kubur  udh tau kan yaa klo gegara virus ini sampe pengurusan jenazah nya aja ribet bngt  jgnkan jenazah nya  msh jd pasien qif aja udh ngerepotin  tenaga medis jatah utk  pasien yg terpapar  jd ayolah kita sm smart thinking utk bs berdoa amp berusaha agar segera allah cabut ujian qif ini amp kehdpn kita bs berjln normal kembali  sy doakan smua nya sll dlm lindungan allah swt  aamiin yaa mujiib,0
September,kualitas pemimpin bisa dilihat dr cara dia dlam mngambil  keputusan   ato kebijakan,2
September,berbelit dengan corona  motor ga boleh boncengan  harus orang sekali cuma  orang begal yang mengintai  kudu piye iki harus melawan virus dan sesama kita sendiri,0
September,dulu bgak sedikit yang nyinyir pak aniesb brsekarang terbukti pa anies hanya melakukan itu utk bmenyelamatkan rakyatnyab brbrnetizen bgobampokb,0
September,kenapa setengahquot ya ngurusnya  kan jadinya makin lama dan makin miskin dompet ini udh sebulan lebih enggak kerjabr,0
September,berat bgt beban dan tanggung jawab yg harus dipikul pak anies    sementara yg  yg seharusnya mengemban amanah sibuk cengengesan prank sana prank sini,0
September,yg komen disini rata suka nyalahin orang  bukan nya bantu  eh malah bully hadih parah   perbuatan lebih baik dari  kata,0
September,ngga ada ujung berbelit    brkbnyakan masukan tanpa ada tujuan jelasbrmungkin nunggu wabah sudah ngalahin wuhan baru ada saling ngalah dan waktuuu sudah terlambat,0
September,walau pimpinan pemerintahan pusat berkerja lambat dan bodoh serta politak politik melulu  tetapi pemerintah dki jakarta bapak anies baswedan  dan daerah lainnya seperti pak ridwan kamil bekerja dengan baik  brbrpemimpin sejati muncul di saat musibah  bukan di saat ngutang,0
September,dengan cara kerja pemerintah yang masih mengandalkan administrasi yang berbelit belit kita diketawaan sama corona  pemerintah dan seluruh rakyat indonesia ayo kita bersatu melawan corona  kalau tidak ini bom maut buat bangsa kita,2
September,saat corona ini selesai  anies yg bekerja keras  yg claim biasanya pemerintah pusat,2
September,bukan hanya suka hutang  korupsi  soal penyakit saja kok di korupsi juga  heran dengan rezim ini,0
September,intinya mah pemda udah jerit  pempus sans aja,0
September,kesimpulanya    berawal dari kepemimpinan yang amatiran mau diteruskan juga bakal masuk paret  naik mobil masuk jurang  naik kapal karam dipulau reklamasi  naik pesawat kemudian meroket sampai terhempas    tul gak    bruakakakakakakakaka,0
September,pemerintahan ini harus jujur mengakui ketinggalan jauh dengan kecepatan wabah corona  jadi tugas pemerintah biar bisa kita mengalahkan wabah corona pemerintah dan masyarakat indonesia harus mencari strategi dengan kecepatan yang tinggi  saran saya buat pak jokowi dana pemindahan ibukota ditunda dan dialihkan untuk menangani wabah ini  kalau dengan cara psbb saya pesimis pemerintah bisa mengejar ketinggalan yang jauh  diperlukan pemimpin yang revolusioner,0
September,mbak najwa semakin cerdas dan peka terhadap problem sosial,2
September,darurat  tp birokrasi nya masih panjang  darurat nya dmn,0
September,saya masih kepikiran  kenapa rumah sakit khusus corona malah dibangun diluar episentrum virus ini  kok malah dibangung dipulau galang  riau kagak di jabodetabek kan episentrumnya disitu  jadi apakah akan sia sia bangun rumah sakit itu,0
September,tidak di monetisasi  salut tanpa iklan,1
September,udah jokowi mundur aja     lah    udah ngak becus menyelamatkan rakyatnya,0
September,sikap dan perbuatan pemimpin yg pas ditengah kebhinikaan di nkri ini,2
September,ditanya kemana jawabnya kemana,1
September,hanya saran untuk negara kita  menurut saya hal paling efektif penanganan yg awal dr pemerintah kt  segerakan tim medis turun ke bawah utuk tes semua masarakat menyeluruh mengingat kt org tidak akan tau tertular atau tidak akan virus ini  jgn hanya menjaga  membatasi  atau tunggu virus ini menyebar  jd segerakan tes k seluruh masyarakat indonesia dari semua aspek  kunjungi amp jgn hy omung ini itu  tolong dr pihak yg berwenang agar kita tidak waswas sampe skrg ini   terimakasih,0
September,woooiiiiibrbersatulah mikirin warga  jangan sampai corona mendekati anda,0
September,kualitas seorang pemimpin hanya bisa dilihat pada saat genting seperti ini,2
September,zaman jokowi ini lah sy rasa presiden bukan pemimpin  tp sebagai legal saja  jd kayak negara ini dikelola event organizer  apa harus berkordinasi  pemimpin cuma sebagai legal akhirnya aja  harusnya inisiatitif datangnya dari pressiden krn dia yg tau tentang indonesia secara komplit  tp kenapa pada rezim ini brasa beda yah,0
September,jokowi kalau gk mampu urus negara pliisss mundur sajalah  sudah banyak korban slama dia memimpin indonesia,0
September,efek bekerja dgn senyap    ketiduran,0
September,tujuan ny bagus tapi terlambat brcovid sudah di manaquot,0
September,kerja   kerja   kerja   ngerjain akhirnya,0
September,surat lg   surat lg   maaf bkn nya ini jaman nya teknologi  bisa ga ya untuk urusan surat belakangan  semoga indonesia bisa melaluinya bramin,0
September,seharusnya melihat pengalaman di kota new york mengapa sekarang menjadi wuhannya amerika  dimana paling resiko penyebarannya,2
September,gimana tidak berbelit  pemerintah aja mengaggap remeh covid  pas banyak korban baru bergerak  sampai saat ini permintaan maaf dr pejabat yg menganggap remeh aja gak kedengeran  rasa malu sudah tidak ada lagi untuk pejabat skr,0
September,jangan salahkan jokowi tp salahkan mereka yg nyoblos si doi di pilpres,0
September,gak usah jauh coba cek kapasitas tes swab harian kita    dibanding sama malaysia bagaikan ferarri vs odong hahahahahah       brkrn mungkin quotmerekaquot memilih mitigasi bukan supresi      jadi pilihan herd immunity yg mungkin jadi tujuan akhirnya       moga saya salah,2
September,kalimat sajabrpresiden dan dpr mpr dpd gagal melindungi rakyat indonesia,0
September,ibarat logika perang      saat ini musuh sdh msk ke dalam jantung pertahanan negara  dan sdh mulai menembaki dan membunuh rakyat sipil  sementara para tentara baru sadar kalo tentara musuh udh menyeruak masuk ke jantung pertahanan paling strategis  sayangnya tentara baru mau bersiap menyiapkan senjata  rompi anti peluru  helm baja     brtentara yg sudah siap dgn perlengkapannya lsg terjun ke medan perang  sambil menyelamatkan warga sipil yg terluka dan mengevakuasi warga sipil yg terbunuh sembari terus memuntahkan peluru senjata di tangan untuk membunuh musuh     panglima tertinggi perang msh bingung apa yg hrs dilakukan  krn tanpa memberitahu ataupun tanpa tanda    tentara musuh tiba sdh ada di wilayah jantung pertahanan negara yg ia pimpin    brdengan keadaan seperti ini    adakah strategi yg jitu utk mengalahkan lawan dan meminimalisir korban jiwa baik dari sipil maupun tentara      disamping itu korban harta benda rakyat dan aset negara yg hancur tidak kalah banyaknya,0
September,kelihatan mana yg cerdas dan mana yg lemas,2
September,complex masalahnya  blunder regulasinya,1
September,psbb dan larangan mudik  berpergian   apakah hanya berlaku untuk kalangan menengah kebawah  brkalau memang berlaku untuk semua kalangan tanpa memandang status sosial  kenapa bandaran soekarno dan halim masih ada penerbangan domestik baik itu dalam maupun luar negeri,2
September,mungkin pemerintah jg bingung menghadapi karakter rakyatnya  saya termasuk rakyat hehehe,1
September,kasihan banget pa anies berjibaku dari awal tp yg dilakukan terbentur bnyak hal shg tidak berjalan sesuai dgn yg diharapkan,1
September,kalau saja dulu jakarta langsung di lockdown   brorang yg terjangkit di jakarta tidak bisa mudik   setidaknya daerah daerah aman   bryah   berhubung semuanya sudah terjadi   brsekarang mestinya kepala daerah seluruh indonesia  kompak untuk memutuskan mata rantai penularan covid  ini   dan pemerintah pusat  mesti bergerak cepat keluarkan keputusan jitu   jangan sampai kasus covid  ini tembus angka  kasus,0
September,bulan januari sudah diingatkan bahaya corona malah guyon  expor besaran masker ke china  dongkrak wisatawan luar negeri  konyol   cukuuuup   fix suruh saja si anies handle masalah corona  biar joko fokus baca komik doraemon,0
September,angkat dong kenapa orang keluar rumah malah di bubarin dan diharapkan di dalem rumah saja  sedangkan yang sudah jelas di dalem rumah  napi  malah di bebasin,0
September,pemerintah pusatnya ingin rakyatnya mati berserakan dulu     baru,0
September,sebetulnya aturan main yg tidak jelas dan tidak tegas  kecepatan virus dalam menginfeksi manusia lebih cepat daripada manusia dalam mengambil keputusan  akhirnya semakin lama maka ekonomi pun semakin hancur  padahal indonesia punya waktu yg cukup lama  tapi tidak dipergunakan sebaiknya  seandainya indonesia belajar dari taiwan bagaimana mereka mempersiapkan semua kemungkinan  mempersiapkan alat medis dan memberikan edukasi kepada masyarakat,2
September,luar biasa bapak gubernur ini   tidak pernah sekalipun keluar dari lisannya kata yang menyakiti  bahkan terhadap org yang bersebrangan dengannya  lanjutkan,0
September,ojek online ngk boleh bawa penumpang  nanti berubah lg boleh  ok lah bagus akhirnya beri peluang pendapatan untuk ojek online  brkalau mobil gimana    dua org harus satu depan satu belakang  kalau  org satu depan dua belakang  kenapa ngk boleh depan dua org   apakah jaraknya beda,0
September,seharus ya di tempat  elit harus di karantina   karna orang elit lah yg bisa pergi ke luar negri    kita sebagai rakyat bawah hanya jd korban    dr kalangan elit    terutama cina,0
September,saya kira orang yg mudik skrg itu bukan untuk lebaran   tapi untuk makan,0
September,terlalau banyak aturan masyarakat kurang disiplin   negara mau meninggalkan kewajiban untuk rakyat  tegas  cepat dan adil dalam mengambil kebijakan sangat perlu  rayat masak mau berjuang sendirian  mau salah benar mengaca pada diri  sendiri sudah berbuat apa untuk negaranya,0
September,keliatan mana kepala daerah yang condong ke pemerintah dg yg quotberjarakquot dg pemerintah dari pendapatnya hahahaha,0
September,salut pak anies tdk pernah menyalahkan atau menjelekkan pihak lain true professional,1
September,ribet penjelasannya,0
September,anies memang selalu didepan     pemimpin daerah lain maupun pemerintah belum apaapa   dia udah bikin efek kejut  duluan     jangan lupa ini,2
September,pak anies itu udh tau interaksi hrs dikurangi tp knp warga dki bpk kasih efek kejut,2
September,mentri terawan masih aja menjabat ternyata    hahaha,1
September,aduuhh gw puyeng denger orang pinter pda ngomong    pda kebanyakan ngomg doank   yg rakyat butuhkan tuh action bukan cuma sekedar teori ngmong doank ini ono kaga boleh,0
September,menkes tuh kerja nya apa sih  minta kajian  kasian banget loh pemerintah daerah udh dari minggu kemarin minta karantina baru  disetujuin bulan ini  omg lambat banget  itu pun baru jakarta aja   semangat para pemerintah daerah,2
September,sistem nkri ternyata gagal  terlalu banyak birokrasi  mungkin negara federal lebih cocok supaya tiap kepala daerah punya wewenang jelas  brato mungkin cuma yang duduk dipemerintahan skrng aja yang agak kurang iq nya  jadi serba lambat semua,0
September,bohong mulu luh pak   untuk yang pakai rompi   ngomong berbelitbelit ketika diskak sama mba nana  padahal mah belom di kabarin  ngakunya sudah  kocak banget,0
September,pemerintah pusat kelamaan amp sangat lambat    ga gerak cepat padahal pertumbuhan sangat cepat korban semakin banyak,1
September,angkat tema dong negara sekelas amerika israel spain itali perancis pun tak sanggup membendung,2
September,clear yaaaa     sapa yg lebih pro rakyattt    pemerintah daerah top deh,2
September,terbiasa dg basa basi  akalquotan  manipulatif  se olahquot  pencitraan     ketika dihadapkan dg masalah serius terlihat aslinya jauh dari mampu dan nyawa ribuan rakyat sebagai tumbal ketololannya,0
September,pemerintah pusat mikirnya lelet kebanyakan makan duit korup dan efek suka ngeprank rakyat,2
September,anies  bini bukan soal penyakitnya tapi jumlah yang menderitanyabbrmaksudnya gimana ini  brngomong memang nomer brkerja  besar,1
September,pusat guntaganti kebijakan mulu  kalah sama daerah,2
September,jauhi orang yg mncurigakan brlindungi  anda dari udara yg keluar daribrmulut org br    kita harus hati dgn udara yg ada di sekeliling kita,0
September,sudah terlambat,1
September,semua idea pusat kalah cepat  kalah tanggap dan kalah cerdas sama daerah  apalagi sama anis,0
September,gara china kita kena imbas corona,0
September,bukan berbelit tapi tidak tau mau ngapain,1
September,gimna nasip kmi pak saya sdh berhenti bekerja minggu ga boleh kmn suruh diem di kosan  mau pulang kmpung ga boleh  mau cari nasi sangat jauh nunggu bantuan nasi bungkus ga ada trs saya harus bagaimna spya saya tetep bisa mkn dan bayar kosan,0
September,jangan meremehkan musuhmu  apalagi lawan tidak terlihat   brkurang antisipasi dari awal   brperbatasan dibuka selebar lebarnya   brtapi apapun itu kita harus lawan sama sama  toh sudah seperti ini situasinya  brsemoga indonesia lekas sembuh dari pandemi ini,0
September,itulah kegoblokan pemerintah pusat dasar pencitraan  apa yg pak anis kerjakan sudah memahami dr awal,2
September,data pemerintah tidak valid  dan tidak terbuka,0
September,penguasa grusagrusu dlm kebijakan  pengin cepatcepat tapi sering tidak tepat   saat  gak ada duit  penguasa malah memborong rapid test yg tak akurat dan bukannya pcr test yg terbukti efektif    ini artinya penguasa bermental tidak sabaran dan sok hebat      gak sabar menanti  hari  penginnya  jam saja dg rapid test    persis saat dikritik rakyat  bukannya memberi bantahan saja  malah mengkriminalkan rakyat dg uu ite,2
September,daripada pakai tukang bahasa isyarat  lebih baik pake teks aja  krn semua penyandang tunarungu  pasti bisa membaca,0
September,kecewa dg sikap awal dan cara kerja pemerintah  iyabrbrtapi nyinyir juga nggak akan merubah keadaanbrbrbersatu lawan corona  stay at home  no mudikbrbr  waspadai juga politisi busuk yg memanfaatkan pandemi covid  yg berharap indonesia chaos   demi tujuan pribadikelompok,0
September,kayaknya bukan berbelit tapi tidak tau harus ngapain  syok berat pemerintah  hutang menumpukbertumpuk  muncul masalah baru  jadi lebih percaya sama seseorang bahwa corona tidak menularkan dari manusia ke manusia  corona tidak tahan di suhu seperti indonesia  corona tingkat kematiannya rendah  lebih banyak yang meninggal akibat flu biasa,0
September,mentri dadakan semua,1
September,kalau mau tau  sebenarnya ga ada new normal menurut saya  orang jepang dan korea punya budaya memakai masker itu salah satunya karena flu spanyol di awal abad,0
September,doakan saja yg meninggal karna covid mati syahid  muslim  bramp semoga psbb segera berakhirbrwalaupun covid nya masih ada  bramp semoga manusiaquot sekarang bisa kebal dg wabah ini,0
September,negeri dongeng,2
September,knapa ya kita beribadah d masjid d larang  tpi knapa d mall malah bnyak yg buka  bnyak org berkumpul d sana  sedangkan kita beribadah d masjid cman sebentar tpi sangat d larang,0
September,betul harus jauh lebih banyak jumlah test per hari nya  misal rb testhari s  d rb testhari  tapi saya kurang setuju kalo alat test nya terlalu ngandalin alat luar negeri  kenapa negara tdk membantu lembaga penelitian terkait spt eijkman  bppt  dkk untuk mengembangkan alat test amp vaksin sendiri  karena seed virus di indonesia kan bisa berbeda dgn seed virus negara lain  bplasmin  klo ga salah  dan spesimen dr virus nya dgn alat test nya jadi ga kompatibelb itu kata bu dr  dr  siti fadilah ya  mantan menkes ri   yang terbukti berhasil mengalahkan argumen who soal sars dan berhasil menggagalkan status pandemi flu burung di indonesia yg dituntut oleh who di thn,0
September,hebat ya kalau yg pintar  bicara  tapi apa yaa    kerja nya,1
September,bapak jangan hanya menyalahkan kalau tidak pernah bantu,0
September,gak bisa ngarepin masyarakat bisa terapin protokol kesehatan ketat  brharus dipaksa ketat amp di monitor terus  brbrboroboro pada mau ikutin  wong dari hari pertama pemberlakuan wfh amp psbb aja malah jalan ke tempat wisata  nongkrong di cafe sampe tengah malem semua ga ada yg physical distancing amp ga ada yg pake masker  brbrmasyarakat sini tu govlok banyak nuang sasa amp ajinomoto tiap masak  jgn berharap masyarakat sadar,0
September,jangan salahkan rakyat  kalau dari atasnya mencla mencle,1
September,udah mending tim medis pulang kerumah aja  urusin diri masing,0
September,mbak nana juga jangan bicara tentang covid terus   masyarakat jadi pada takut  apa mau ikut nanggung kalau orang pada kelaparan,0
September,sedih melihat pemerintah yang tidak punya rencana yang baik bagi rakyat     lelah sekali,0
September,berlagak sok hebat semua  orang lain salah semua  yg betul dia sendiri,1
September,tolong lah jngn bahas covid  bosen,1
September,wapres ku kok ra tau muncul ra tau cawe opo pie to luur  brop trae udu tugase,0
September,yg milih dia di pemilu kmrn tolong bertanggung jawab    tks,0
September,udahlah gak usah bahas virus terus    bikin pusing rakyat aja,0
September,memang banyak menteri di kabinet skrg yg gak sesuai dgn kompetensinya  gak sesuai dgn profesi amp pendidikannya  asal bikin statement amp asal bikin kebijakan tanpa mempertimbangkan fakta dilapangan  penguasa harusnya pilih menteri yg benar berkompeten dibidangnya bukan sekedar orang yg dekat dgn dirinya amp dekat dgn parpolnya,0
September,lah katanya minta damai    brjadi masih perang apa damai nih,0
September,dulu pas pelantikan mentri kabinet sekarang saya kagum karena menurut saya banyak mentrimentri bagus dikabinet ini ternyata gak sesuai harapan   staff khusus presiden kerjaannya apaan   indonesiaku cepat sembuh ya  aamiin,2
September,pemimpin boneka  br semua keputusan di tangan ketua partai  permainan elite purnawirawan tni  polri  tidak jauh dengan rezim sebelumnya  black market di semua lini,2
September,menkes lagi ngapainya  ga pernah keliatan    semua rakyatmu menunggu arahanmu  kasian para pejuang dokter perawat  jangan berbisnis apalgi cari keuntungan  apalgi yg korupsi di masa ini,0
September,menteri titipan partai ngarepin kerja kompeten  hey   nunggu balik modal,0
September,jangankan menterinya   plecidennya sendiri ga berkopeten utk bicara covid,1
September,giliran nyohor pada berebutan ngomong     giliran ambrol pd diam,2
September,efek samping dari psbb seakan berdampak lebih besar drpd covid sendiri    mulai dr rakyat kecil tdk berpenghasilan  walaupun diberikan sembako  tapi sampai kapan    kdrt meningkat  kriminalitas juga meningkat  apakah hal ini bisa dikaji  mba nana,0
September,gak boleh suzon guys brmari kita dukung pemerintah  mau daerah mau pusart saya yakin mreka juga punya hati dan psrasaan dan mereka juga punya anak istri dan keluarga jd positif aja mreka bekerja untuk kitabrbrkalok gak sempurna ya wajar  semua itu gak bisa sesempurna apa yg netizen indonesia arepin,2
September,mari sama doakan supaya para pejabat diberikan kemampuan untuk mengambil keputusan yg tepat,2
September,nyawa tidak bisa recovery  ekonomi bisa recovery  tolong    jadikan dasar untuk pengambilan keputusan pada kondisi wabah ini  wahai para pengambil kebijakan,1
September,lucunya negeriku ku cinta aku terpana pesona  indonesia,2
September,satu kata quotkesalahan sistemikquot,1
September,mulai pada bangkrut yaa,0
September,mentrinya kurang kordinasi  hrusny kordinasi dulu duduk bareng presiden  jadi bisa satu suara  biar gk ada saling bantah ngerasa paling bener  biar gk ada mentri yg sok tau bilang ini itu ternyata salah  kan jdi ketahuan cerdasnya,0
September,sebenarnya banyak org kaya di indonesia   banyak pejabat kaya raya  kalau mau recovery ekonomi ya scr sukarela memberikan hartanya untuk recovery   dr pd kita mengeluarkan surat hutang  jadi tidak perlu ada org terkaya  tidak ada org miskin  biasa aja  mobil  cukup  ga perlu bikin showroom  dll  atau ya semua pns eselon   tidak perlu gaji dan tunjangan selama brpa bulan kedepan  memang pyur mengabdi pada negara  kasian kalau yg dipotong gaji karyawan kecil,0
September,protokol kesehatan bukan bawang yg bisa ditawar  relaksasi  bapak mau kalo sunat prosedurnya direlaksasi  potong doang tapi ga di jahit,0
September,kalau memang kita hrs berdamai dgn coronaberdampingan dgn corona  melakukan aktivitas  bagaimana ini pengaturan nya ya  krn kalau tidak ada aturan ttg aktivitas diluar rumah maka bagaimana orang yg rentan terpapar covid  apa nanti seperti seleksi alam  yg imun nya baik akan bertahan  yg buruk akan tiada  dann seberapa turun memangnya presentase ekonomi nasional indonesia,0
September,tutup tentang korona,0
September,quotrakyat adalh bukan noktanokta yang hidup dalam curvaquot,0
September,kacau lah pemerintahan sekarang  saya respek dgn pak jokowi  tapi kalo situasinya begini  keos   menteri plin plan dll   ga jls udh  intinya psbb ga guna,1
September,presidennya saja gk kompeten  apalagi menterinya,1
September,dr awal sya jg setuju test test tes itu tp knyataannya g da smpek skr,2
September,l bro  mau kemana bro  brj duh  terserah bro  brbrl bro  mau gimana bro  brj duh  terserah bro  brbrl bro  kaya gini aja ya  brj duh  terserah bro  brbrbrl waduh bro  ko jadi berantakan gini  brj duh  terserah bro  brbrbrbrl gt u know who    brj gt,0
September,karena dari awalnya terbentuk kabinet pemerintahan sekarang kurang kompeten   kurang sigap menangani keadaan darurat seperti ini,0
September,yg pasti pemerintah jangan melanggar sila ke  amp,0
September,semoga pejabat semua  yg g amanah bwt rakyat  cepet di ajab  percuma pejabat punya mata  pnya kuping jga  klu mta buta bwt rakyat  kuping tuli bwt rakyat  mending cpt pada mati aja,0
September,liat pengumuman covid  seperti nonton situng kpu     hehehe,1
September,rezim mahaberatabrserba mahalbrserba beratbrserba tamak,1
September,negara sudah miring ke blok obor api    akibatnya ketergantungan dan mayoritas sektor akhirnya ambruk karena mereka ambruk  ayo kembali berdikari  negara ini kuat dan berdaulat,0
September,tes masal ngga capai target krn proses seleksi populasi yg negatif,1
September,rezim bobrok  data virus kematian dilebihkan  rakyat mu menjerit dlm kesusahan  perhatikan nasib rakyatmu wahai pemerintah,0
September,jika memang iya tidak ada konspirasi dibalik pandemi saat ini  tidak mungkin pemerintah pusat merelaksasi psbb  logikanya seakan akan tidak ada masalah  padahal seiring waktu harusnya semakin diperketat bukan malah dilonggarkan,0
September,napa periode kedua makin amburadul si pak   bukannya di baik baikin buat kesan terakhir yg indah  pusing w jadinya,0
September,mentri itu cerminan presidennya,2
September,covid terus di ributin perut rakyat yg kelaparan ini gak dipikirin mana tu bansos sampai jam gini blu ada mucul batang idungnya  ngomong terus,0
September,sampai kpn ini berakhir  lelah hampir bln dirumah   baru saja kena phk perusahaan  angka covid semakin hari semakin meningkat  sebelum covid memang tiap hari tiap jam memang sudah banyak yg meninggal  apakah semua disangkut paut kan dengan covid   semoga mbak nana sekeluarga diberi kesehatan selalu    aminnn,0
September,munculnya wabah covid menguras pikiran semua elemen bangsa  namun yg diabaikan pemerintah adalh sarana laboratorium kesehatan dan tenaga kesehatan yg  kompoten  semoga badai civid cepat berlalu,0
September,kalau bisa mah yang merasa ga berkompeten mundur aja udah,1
September,patokan itu bukan sifaisal basri   emang si faisal basri udah buat apa untuk indonesia ini   sama aja kau dengan rizal ramli   klw diluar kayak jago bgt kritiknya setelah dikasih jabatan kerjanya sama aja tidak ada prestasinya,2
September,presidennya berbackground pengusaha  brpas ada pandemi gini gak hayal kl pemikirannya masih takut jatuh miskin,0
September,pemerintah berkata  quottenang guys masih bnyk orang bodoh yg dukung kitaquot,2
September,rakyat makin bimbang di buat oleh peraturan tp gimna wna china diterima dateng,0
September,gk ada yg jelasss peraturan pemerintah yang jalas itu dampak yg  amburadul dari peraturan ngaco itu sendiri,0
September,malu maluin     menyedihkan negeri kita ini  negara sekaya indonesia dipimpin oleh kepemerintahan yang ngaco alhasil kekacauan dimana  negara kaya dng hutang yg fantastik  phk dimana   tka bermunculan,0
September,ngaco  itu menteri bukan sok tau tentang covid  nya melainkan mereka membahasa sektor yg mereka pegang dan menurut gw ya wajar karna itu wilayah nya  ahli ekonom dari mana sih ni orang heran gue,0
September,katakanlah menteri tdk kompeten   lalu apakah orang yg berkomentar jg merupakan orang yg kompeten     brwong amerika saja kalang kabut dgn covid,0
September,suru jgn mudik aja pd mudik  sama ky lampu merah suru stop aja diterabas wkwkw  gmana relaksasi psbb,0
September,andai saja negara ada lpj tiap tahun kepada masyarakat  padahal waktu sekolah  kuliah saat ikut organisasi pasti di ajari atau merasakan   mungkin rakyat akan lebih banyak percaya pada pemerintahan yang sudah ada,2
September,sebagai rakyat kita ini bingung lihat kebijakan pemerintah dan mentri pembantu nya  tidak boleh mudik tapi transportasi publik jalan  boleh kerja yg usia dibawah  th  yg pnbp bilang jangan mudik  tidak boleh ini itu  ini negoro opo  presiden naikin bpjs yg sudah dibatalin ma  ini rakyat itu harus percaya sama mulut yg mana     sementara rakyat mulai kelaparan ada yg tdk dpt apa  bantuan tidak tepat sasaran  hati ni bener ngerasa tersayat dan pedih lihat situasi sekarang ini   semoga alloh segera mengakhiri malapetaka ini aamiin,0
September,kita butuh menteri kesehatan kyak malaysia menangani kesehatan dengan ikhlas  bukan karena ada imingiming bisnis dan politik,2
September,biasanya kalo ngomong dan ngeritik itu paling gampang  dan yg susah itu berjuang dan membuktikan,0
September,ahli virus aja mengatakan covid tdak lebih berbahaya dr virus flu biasa  dan penyebarannya hampir sama dg virus flu biasa  sedangkan pakar epidemologi ini bukanlah ahli virus melainkan orng yg mempelajari pola dan penyebaran penyakit  bukan virus   dpt dikatakan epidemologi merupakan ilmu pengontrol kesehatan namun setelah pendekatan investigasi pola dan kegiatan trblebih dahulu  artinya epidemologi ini hanya membaca pola pendekatan sosial utk penyakit  bukan tingkat bahaya dan penyebaran suatu virus    jd tolong utk virus covid ini sharusnya dipaparkanjelaskan kpd ruang lingkup para ahli virus,0
September,ini akibatnya kalo orang awam banyak komen   seharusnya idi dan cabang keilmuan terkait dan kementrian kesehatan,0
September,pengen nabung terus pindah ke negara eropa,0
September,miris amat negara aing naha boga pemerintahan jiga kieu sihh,0
September,klu sya liat klu di negaraquot maju klu dia tdk bisa tangani covid  ini mereka mengundurkan diri itu negara maju,2
September,mari kita ingat kembali suatu kalimat       apa itu   jangan tanyakan apa yg diberikan negara atau pemerintah kepada kamu tapi tanyakan sebaliknya   yok apa yg kamu berikan,2
September,sy bingung dengan indonesia skrg  tarik ulur aturan gak jelaz mbak najwa  sedih banget,0
September,pak papua kenapa belom bukak bandara dan pelabuhan pak kenapa dipersulit semuanya   kenapa dipapua bikin aturan sendiri pak tolong rakyatmu dipapua biar anak prantoan bisa pulkam secepatnya,2
September,aduuuuh    parah,0
September,gini ya pak faisal  covid  ini kan berdampak ke semua sektor  semua kementerian jg terdampak jd wajar tiap menteri berusaha menangani sesuai sektornya  bukan di kesehatan saja yg terdampak  lha anda jg bukan org kesehatan berbicara covid  tentunya anda di sini kan berbicara ekonomi karna ekonomi jg terdampak  anda cukup berbicara di bidang anda saja  ga usah kemana mana  kiranya begitulah kiranya  maaf bila salah,0
September,bpjs bakal naik lo  brbrbrbrbpjs gak jadi naik coybrbrbrbrakhir akhir ini  brbrbrbrbrtapi boong,0
September,perhitungan data kematian covid  dan yang positif menggunakan quick acount sepertinya  brquotbimsalabimjadiapaprokprokquot,0
September,termasuk pak jokowi sendiri ya,1
September,semua ada hak untk bicara kecuali yg d larang sbb it bkn untk menyesaikn covid  malah menimbulkn lapor melapor yg menang pst yg lebih ber kuasa pandemi sprt inilh yg sngt membahayakn rakyat,0
September,uda deh ambyar barengquot dah,1
September,lambat laut pencitrain lalu mulai terlihat wajah aslinya  sekesal apa pun rakyat tidak bisa berbuat apaapa  apa kah korban jiwa dan raga para leluhur ga ada arti di mata mereka,0
September,ekonomi indonesia surut karena banyak korupsi bikin uu dasar buat korupsi    hukuman seumur hidup  mati   biar rakyat sejahterah,0
September,mohon pak presiden dibikin uu dasar buat korupsi    yg seberat beratnya     hukuman seumur hidup  mati     banyak korupsi maka makin banyak penggaguran    tolong pak presiden biar rakyat sejahterah    aset kekayaan indonesia adalah milik rakyat,0
September,sakit hati waktu pak mentri bilang   yg miskin jangan menularkan penyakit ke yang kaya,0
September,yang pasti ini bkn blockdownb    ini hanya bpsbbb    brini menurut saya,1
September,lagu endingnya apa ya  ada yg tahukah  efek rumah kaca ya  judulnya apa ya,2
September,mau ada orangorang di istana negara ataupun tidak ada orangorang di istana negara  tidak terlalu pengaruh sama rakyat  brkarena rakyat indonesia adalah rakyat yang tangguh  brhidup rakyat     brhidup indonesia,2
September,kendala pelaksanaan tes dimana sih sebenernya  anggaran  tenaga kesehatan  apa sih,0
September,negara kita dipimpin pak jokowibrmaju rakyat sejahtera pengangguran gak ada kemiskinan berkurangbrbrbrbrtapi booong,0
September,maaf nih kenapa sih  corona ko jadi ajang politik komunis   sesungguhnya  corona itu adalah pembodohan   coba jujur sejauh mana sih bahanya korona    dan angka kematian setiap harinya  apa memang cukup membahayakan       sesungguhnya corona tidak berbahaya  itu semua kareni politik yg selalu menakut nakutin dan peraturan yg tidak jls    ini jls politik komunis   bahaya ini untuk bangsa dan negara,0
September,najwa ini kurang ajar   wawancara sama org lain ngomongin ilmubrbrbrngomong sama presiden cuma bahasbrbrperbedaan mudik dan pulang kampungbrdan bahas hal receh lainnyabrbreh salah najwa apa yg jawab  ga tau lahh,0
September,indonesia telah gagal menangani covid  ini,0
September,wapres ke mana sih     ada yang tau gak   nanya beneran,1
September,asik    g jadi naik    tapi ujungnya tetap naik yah di prank   hehehehehbrpsbb bgi perantau yg kena phkdirumhkan tenang dpt bansos tapi kenyataanya      tka malah pada datang    aduh aduhbrberawal dari kardus yg di gembok,2
September,obaty belum ktm mau di longgarkan psbb  apa mau bikin bencana besar tu pemerintah pusat,0
September,udah bosan isu pamdemi faktanya kami di daerah juga aman aman saja   udah ga mikirin korona   yang dipikirin adalah kondisi ekonomi yang semakin kritis untuk rakyat kecil   bagi kami mati kena korona belum tentu   tapi karena lapar udah pasti  brbrini seolah pemerintah dengan corong medianya yang heboh sendiri bermain angka angka yang belum tentu kepastiannya yang meninggal  korona   pemerintah panik kalo isu ini hampir tidak ditanggapi masyarakatnya    imbasnya adalah kami selaku rakyat kecil terancam mati ekonomi   dan yang dikhawatirkan issu pandemi ini menjadi ajang pobia islam sampe pada taraf pelarangan dicurigai diawasi praktik ibadah kami yang akan berlangsung entah sampai kapan tidak ada kepastian    brsemoga issu pandemi ini tidak ditumpaki kepentingan elit tertentu untuk meraup keuntungan kesempatan konspirasi jahat thd kalangan tertentu  muslim  tanpa menghiraukan lagi nasib rakyat kecil yang sudah susah ditimpa kesusahan lagi dg dampak carut marut ketidak jelasan penanganan pemerintah thd pandemi ini kalo ini memang benar benar pandemi dalam arti yang sesungguhnya  brbrsudah jatuh tertimpa tangga itulah nasib kami di negeri ini,0
September,menteri  menteri konyol dari negara lucu    inilah indonesia ku,0
September,ya suka dgn statement pak faisal kalau tes merupakan hal penting yg memang harus diusahakan untuk bergerak lebih banyak  cepat dan kuat  contohnya seperti amerika yg baru saja sebentar masuk virus itu seluruh rakyatnya sudah terbaca mana yg membawa virusvirus itu,0
September,jika pemerintah sulit memutuskan kebijakan lockdown untuk semua daerah di indonesia  mengapa tidak melakukan lockdown untuk satu daerah  yang nantinya ditunjuk sebagai tuan rumah  yang menampung pasien khusus covid,2
September,intinya pemerintah pusat harus memberi kepercayaan penuh kepada pemerintah daerah jangan sampai ada istilah saling menyalahkan apalagi saling mengklaim,2
September,sudah ada yang pernah lihat si kopid,2
September,mentri nya kebanyakan cari muka semua sokquotan,0
September,pemerintahan terparah sepanjang sejarah indonesia,1
September,mau menterinya kompeten  harus dari presidennya terlebih dahulu,1
September,kalau anda lebih kompeten bicara tentang corona harus ya dibantu puya ilmu cuman kompeten ngritik  doang gak bisa buat apahquot buat bagsa malah gak guna,2
September,semua kepengin didepan  melawan apa berdamai  melawan korona orang yang bebas berkeliaran tanpa masker  berdamai dengan korona orang yang bebas pulang mudikkampung lengkap dengan maskernya,0
September,ini akibat ketidak tegasan pemerintah dalam menangani setiap masalah    bisanya hanya kontroversi pro dan kontra saja yg dihasilkan dan akhirnya rakyatlah yg dirugikan    brdengernya ribut mulu adu argumen para dagelan politik gak dari pemerintah gak dari oposisi     hancurlah indonesia akibat kekonyolan para dagelan politik busuk,0
September,faisal basri lebih kurang nyengol lord luhut  brsemoga bkn krn ga quotdipakai  brtpi demi nkri yg lebih baik,1
September,yes you r so right      krn kalo gak kompeten artinya mereka spt tong kosong nyaring bunyinya,0
September,hanya orang bodoh dan dungu di kabinet ini,0
September,para capres kemarin lagi sibuk cari uang balik biaya kampanye kemarin,0
September,satu kata saja  muak kkk  dgn tata kelola pemerintahan  buat kebijakan  bukan tambh bgs  tmbh bikin mumet    alhamdulillah ga mrsa bersalah pd indonesia  krn ga pernah milih tukang ngibul  rezim gaduh,0
September,baru kali ini pusat menjadi oposisi dki   hahah   kalah saing ya sama pak anies   makanya cerdas dong,0
September,presiden donald trump saja nyang sering dianggap tidak kompeten malah paling rajin bicara covid  lho   pak feisal basri         why          brjadi batas quotkompetenquotnya sampai dimana yg pak faisal basri maksudkan karena persoalan covid  tidak hanya berkenaan dng kesehatan tapi juga terutama ekonomi  baca perut rakyat kecil yg subsisten,2
September,tri pusat pendidikanbrmungkin saja sebagai solusinya,2
September,anggota pemerintahan mana mau nonton kaya gini  mereka kan tutup mata dan telinga kalo masalah kebenaran dan kemakmuran rakyat,0
September,sangat setuju sekali dengan relaksasi  daripada diam dirumah tdk ada penghasilan  kelaparan dan stres lebih bahaya dari pada covid,0
September,seleksi alam yg kuat pasti akan bertahan,1
September,payah kau faisal basri  waktu itu kau dukung jokowi       percuma kau berkoarkoar kini  nggak dapat jabatan pula kau,2
September,jujur kata mentri jokowi yg skrg parah    mentri yg benar bagus sperti bu susi  pak jonan malah di berhentikan,0
September,gw nyesel dulu coblos jokowi  kacoo mentrinya,0
September,kenapa ya vietnam hanya  positif dan o kematian sampai saat ini,0
September,ga usa di ributin jumlah nya om paisal basri     skrg yg di butuh khan masyarakat bukan bacot   tapi bantuwan sembako   buwat apa yg ktya anda peduli korban korona tapi ga pada mau yumbang   cuma debat in yg kena corona buwat apa    yg dibutuhkan masayarakat sembako,0
September,ga nyesel deh pilih jokowi terbaik  menteri nya juga oke,2
September,pak pandu  sebagai pakar epid  apakah sudah dilakukan kajian untuk mengetahui sejauh mana paparan covid ini menjangkau masyarakat  karena dalam merencanakan exit plan  data seperti ini akan sangat membantu  sejauh ini saya belum melihat pakar epidemiologi di indonesia merencanakan atau paling tidak mengemukakan kepada publik terkait rencana pelaksanaan kajian seperti ini  yang saya tangkap justru adalah polemik penolakan rapid test yang mengemuka beberapa waktu lalu  memang benar  rapid test serologi mungkin tidak akan terlalu invaluable secara klinis  namun sebagai tool untuk surveilans epidemiologis  akan sangat membantu  tidakkah dibanding beramai meminta alat tersebut dipulangkan ke china  ada baiknya memanfaatkan apa yang kita punya sesuai dengan peruntukannya  akan lebih baik lagi apabila bisa mendorong pemerintah untuk mengadakan modalitas serological testing yang lebih valid dan reliabel  seperti misalnya eclia yang baru saja dirilis oleh pabrikan rce,2
September,ba wawa  banar tidak ada dpr yg mminta mba wawa suruh minta maaf ke dpr,0
September,yang di pikirin skrng masalah ekonomi bukan virus saja  klau rakyat susah mati kelaparan   saya sampe sekarang tak dapat bantuan apa apa,0
September,setau saya soal reagen dll itu memang lg susah dapetnya negara lain juga berlomba nyari  menurut saya kalo daerah tak perlu di atasi itu juga salah  koordinasi dgn pusat sangatlah penting utk penanganan pandemic kalaupun ada apa dgn daerah biasanya ngefek ke pusat jg,0
September,assalamualaikum  saya anggun ingin menceritakan kejadian di sekadau kalbar  brada tenaga transmisi pln sejumlah  orang yg tdk bs pulang krn covid  bbrp minggu lalu mereka sdh habis kontrak dan tdk bs plg ke bandung krn tdk ad penerbangan  bruang mereka kirim ke kampung halaman  sebagian kecil mereka pegang untuk ongkos transport jika bandara sdh di buka  brtetapi uang mereka habis untuk makan bahkan mereka mengeluh kelaparan  bp kadus ds  tapang semadak  tempat mereka tinggal sdh mengupayakan bantuan untuk mereka makan  brmereka kdg makan ubi yg d beri oleh petani setempat  brpolemik lagi  maincon sdh memberikan lampu hijau  mereka bisa pulang dg tiket dari kantor  masalah muncul saat ternyata harus menggunakan surat keterangan bebas covid brmungkin rb bagi para pejabat bukan masalah tetapi  tdk dg para pekerja  akhirnya karena tdk bs pulang jg karena tak ada biaya rapid test  brsambil menunggu kebijakan baru  tenaga masih kelaparan  itu yg mereka keluhkan  tdk ada yg peduli  bahkan banyak yg mengumpat quotbukan kamu saja yg susah  quot brsaya hanya bisa menyampaikan  bagi siapa saja yg bisa membantu rapid test gratis agar mereka bisa pulang  atau mau membantu yg lain silakan hub saya brbrbarakallahu fiikbrwassalamualaikum wr wb,2
September,tolong yang mentri ga ngerti covid jangan ngomong  bikin bingung masyarakat  contohi menkes sampe sekrang dia diem atau nyungsep  baguslahh  wkwkwkwkwkw,0
September,psbb relaksasi ga masalah  kalo sektor nonsembako ditutup sampe setengah tahun aja  bisa kacau tatanan  kaya sektor sandang atau papan  nanti misalkan rumah sakit covid perlu renovasi perluasan bangunan atau penambahan lab apa ga perlu sama pabrik dan toko material  belum lagi buat wfh dan sfh  pasti perlu atk dan perangkat telekomunikasi  usah pendukungnya ga boleh dong ditutup  aturan psbb sekarang trlalu naif  semua yg nonsembako ditutup  dalam menghadapi corona yg bisa mendekati  ditutup cuma  sektor  transportasi luar daerah luar negeri dan pariwisata  selain itu harus tetap jalan dengan protokol kesehatan ketat  l  lebih renggang  lebih jarang  lebih singkat  dan masker dan cuci tangan  akses buat jamu dan vitamin ke masyarakat diperluas  kalo perlu ga cuma bagi sembako tapi juga bagi jamu,0
September,biasanya ada blusuk blusukan nih klo lg ada yg viral  knp sekarang gak ada yg blusuk blusukan yabrbrpemerintah gak berani menyejahterahkan rakyatnya  lebih mementingkan pembangunan infrakstruktur dllbrpembagian sembako karena efek covid  yg kurang tepat sasaranbrphk dimana mana tka yg sejahtera di bumi pertiwi inibriuran bpjs naik tapi pelayanan rumah sakit di masih kurang baik kepada peserta bpjsbrketika di kritik malah di tangkap karena dalil menghina  ketika tidak di kritik makin aneh aja kebijakan kebijakan pemerintah inibrbrpada ngumpet dimana pera petinggi dan pejabat negara saat ini    brdi pilih dari rakyatbrbekerja untuk rakyatbrbukan malah nyusahin rakyat,0
September,jokowi juga gausah bicara apa  wong dia juga gak kompeten,1
September,kacau semua,1
September,orang kaya takut mati krn korona  brorang miskin takut mati krn kelaparan  brorang kaya menghujat pemerintah krn aturan tdk ketatmeminta lockdown  brorang miskin menghujat pemerintah krn tdk bisa usaha sprti biasa utk mencukupi kebutuhan sehari  brbrharusnya yg kaya bantu yg miskin biar sama diem dirumah dan perut terisi,0
September,masak ngajak pemilu serempak bisa    rapidtest serempak kagak bisa    ya tetap gak akan berubah penyakit nyebar terus,0
September,jt  hari   hari     tahun  brtes covid kelar  thn kemudian  brwow mungkin saya sudah gak ada  tahun kemudian,2
September,setuju dengan judul ini  siapa tau kaya menteri kesehatan waktu dulu kita kebal covid,2
September,mulai dr pucuk pimpinan nya yg tidak kompeten  maka para pembantu nya mencoba utk ambil panggung  bralhasil   mereka sama tidak kompeten nya,0
September,bbrp menteri juga hasil giveaway alias titipan partai  bukantidak kompeten dibidangnya  terawan yg sesuai bidang aja bisa kalian nilai sendiri lawakannya,2
September,giliran tes masal n tauquot yg positif mencapai jt jiwa apa pemerintah siap    brg usah tes masal hl it hnya akn mmberikan peluang untuk orangquot g bertanggung jawab memanfaatkan dana tes masal untuk kpentingan pribadi lbh baik fokuskan mencari vaksin dbanding tes massal masyarakat lbh mmbutuhkan vaksin oiiii para menteri  jika kalian ttp mlkkan tes massal yg da hanya akan mmbuang uang untuk hal yg siaquot  bansos aj bsa dpermainkan apalgi dana tes masalbrcorona sndiri tidak trllu mematikan jika pasian tidak mmiliki pnyakit bawaan kan tpi justru kbijakan pemerintah lbh mematikan dbanding corona dngn sgla macam isu yg da d medsosbrlama kelamaan rakyat mati bkn krn corona melainkan karena beban pikiran,2
September,mf krberhasilan ya ada dari rezik ini cuman kesimpulannya reezim gagal,0
September,dri  narsum yg d jadiin headline omongannya sm mata najwa itu quotmenteri kalo gak kompeten jangan ngomongin covidquot  mudahan yg terhormat pak jokowi ngerti,0
September,korona  influensa  fluingusandemam doangbatuk doang  biasa aja jadi jgn lebay pake aturan ini itu  pake perang ini perang itu deh  biasa aja,0
September,betul itu pak  jgn ajari lah masyarakat berpikir amp bertindak  lebih baik kasih kami contoh  agar kami tw anda pantas kami dengar pendapatnya  bagi pegawai pemerintah yg berintegritas catatan ini bukan untuk kalian,2
September,mbak nana dan semoga kominfo semoga membaca   sebaiknya yang di lockdown itu internet karena berita tentang covid hanya menakutkan warga   karena sumber ketakutan yang sebenarnya melalui jaringan internet,0
September,rakyat bukanlah noktaf noktaf dalam kurva,1
September,covid itu udah ilang di indonesia  karna media masih gembar gembor aja ya jadi nya gini,0
September,jangan gitu pak faisal basri      biarkan para menteri bicara ttg covid    kami butuh lelucon,0
September,ketika quotperebutan aksaraquot selalu berkecamuk  pendapatpendapat alternatif juga perlu diangkat  selanjutnya biarlah keseluruhan masyarakat yang menguji,0
September,bener sih yg ada nnti rakyat bawah pada gilas kelaperan    klu kek gini terus   capek liat pemerintah capek liat media  enak liat d  i  y aja deh,2
September,siapa bilang gk kompeten  org sangat kompeten  buktinya aja lgi pada sibuk tuh nyari panggung dadakan  yakali stlh wabah bisa mencalonkan wwkwkwkwk,0
September,bner pak faizal  test kalo bsa drumahnrumah  di data melalui ktp  klo psbb kayk gni ya jgn hrp ba cpt slesai cntoh org saja psti kluar beli makan y kluar  g mngkin kn at home trus  ekonomi mrosot bgt ksian tmn sya hutang bnyak  sya sudah bntu tp lama lama sya jg krasa mrosot jg krn jg drumahkan pak  tlong dpertegas dan dipercepat test dan penangannya  demi allah sya dkung dengan doa  sya ni sudh  bln drmh tp miris yg lain kluar rumh y mngkin krna krja jg   jg bgung,0
September,dan aku bisa apa  brselain diam  dan mendengarkan puisi puisi yang menyayat hatibraq lelah aq tak berdaya dengan situasi ini  brcoba duduk dn diskusi kan rakyat miskin menjerit menahan sakit pda perutnya  br sementara aturan tak sejalan dengan keadaan  brah sudahlah biarkan semua berllu untuk diceritakan ditahun yg akan datangbrbr perkopian aman,0
September,betul  jangan bicara jk tidak tau apa,1
September,nanti kalo pemilu gausah dipilih lagi orang orang kek gitu     mending golput sekalian,0
September,ilmuwan bandung sudah bisa buat pak alat tes cepat yg cukup akurat  anehnya lah ya kok malah pemba jabar yg punya inisiatif amp kerja keras masalah ini  pusat ngapain aja emang si  apa emang rencana kerjanya cuma sore mengumumkan data  kalo ada positif rawat kalo meninggal kubur  kalo gak ada pemda jabar ambyar asli,2
September,ngerjain apa aja gagal   itu lah yg akan diingat rakyat ttg apa yg dilakukan era prsiden jokowi,0
September,pemerintahan paling rusak bencana azab ga abis,0
September,apa yang saya suka dengan pak faisal basri  orangnya selalu tanpa tedeng alingaling  kalau pemerintah perlu didukung  doi mendukung  kalau pemerintah perlu dikritik  doi mengkritik,0
September,saya mendengarkan orang yang ahli di bidangnya saja  penyebaran penyakit dari epidemiologist  ekonomi dari ekonom  pelemahan penyakit dari dokter  dan lain sebagainya  hehe,0
September,klw corona ga ilang sampe kiamat brarti psbb terus dong sampe kiamat  emang nya pakar tu tau klw corona akan ilang sebelum agustus  dia kan bukan tuhan  udahlah ayo kembali normal lagi  klw ada yg sakit tinggal kerumah sakit  nih ekonom ngomong kesehatan jaka sembung bawa golok,0
September,virus sdh meluas se indo  akibat kbjakan yg tdak  suaraamprakyat yg jdi korban     himbauan dll  trmsuk psbb  smua kocarkacir  rakyat tdak takut corona  yg d takuti rakyat cma dampak dari corona      brapa solusinya  rakyat cma btuh solusi dri dampak kbijakan tsb,0
September,relaksasi mcm apa yg d mksd lg dg rezim ini  rkyt sdh muak dg aturan yg tdk beres ini,0
September,pemikiran bahwa covid  tidak berbahaya   pasien covid yang meninggal sedikit  bahwa kita bisa tanggulangi covid dengan minum jamu  harus didorong terus  sebaliknya lockdown  pembatasan yg ketat   virus covid itu berbahaya harus di hapuskan  tapi hati hati banyak lansia yang,0
September,noh si gugus tugas juga tolong kalo ngomong jgn seenak udel nya,0
September,covit ini ngk ada berakhirnya jaka masyarakat sendiri tdk mau sadar diri masing,2
Maret,ga yakin bisa dapt blt dr pemerintah  omong doank    sekalinya dpt dah di potong   sampe di bawah ke bagian dikit,0
Maret,indonesia bakal kacau dalam sebulan dua bulan lagi kalo gini penanganannya lambat dan nggak konsisten,2
Maret,golongan orang belum ada diberita yg mngidap    covid yaitu orang gila,0
Maret,masyarakat udah frusttrasi    berbahaya    pemerintah lambat dan cuma himbauan dan larangan      masyarakat cari jalanya sendiri di larang   di hukum    hadeuh   fatjroel  itu nga nyadari    paraaah menjijikan ini orang   kalah kuat debat   truz kekanak kanakan tu,0
Maret,berlebihan dianggap borosbrkurang dituntut karena kurangbrduh kesetia kawan,1
Maret,insya allah virus korona akan hilang sendirinya bila di lawan dengan menebar virus kebaikan kl masih pada nyinyir pada nggak sadar diri ya tunggu aja allah tidak akan menguji melebihi kemampuan hambanya,0
Maret,intinya pemerintah g mau tanggung jawab sama warga negara yang kelaparan,0
Maret,kita tinggal nunggu kehancuran bangsa ini  karena pemimpin yg tidak amanah  sudah melebihi dampak  krisis th,0
Maret,kita rakyat kecil berdoa saja kumpulan orang orang zolim segera tumbang akibat perbuatan nya sendiri,0
Maret,saya pernah tbc dan saya juga pernah di sedot cairan paru paru  apakah saya rentan,0
Maret,jrul   kalem jrul  dengerin haya dl aspirasi yg mewakili rakyat   jangn ucas acos haya nte,0
Maret,kenapa jokowi anti anies  padahal anies jauh lebih peka dgn kasus corona ini,1
Maret,tolong urut dong klo upload min sarimin    brpaling nggak kasi link part per partnya,0
Maret,bersatu padu mendukung kebijakan pemerintah dibawah kepemimpinan bapak kita yg terhormat jokowi   hidup jokowi   hidup jokowi   hidup jokowi,0
Maret,fr nyerocos  krn kita sama sama belajar hukum  brhahahai ada yg blum tau klo si fr itu pinter     brmana lebih pinter ma raja ghana     brraja sini vs raja ghana    pinteran visioneran mana ya     brmalu jawabnya,2
Maret,serius nanya  apakah corona bisa nular lewat ngeseks tanpa kondom,0
Maret,bantuan ini dan itu sekian triliun itu cuma angkaquot diatas kertas yang di bacakan oleh pak j tapi faktanya ga akan pernah nyampai ke yang berhak,1
Maret,sy doakn siapa pun orang ny apa pun jabatn ny yg dzolim sm rakyat cepat mampus sm virus ini,0
Maret,saya yakin dan sangat yakin   anak muda ini banyak di minati oleh berbagai partai d tanah air    nafas beliau begitu ketara di acara saat ini  ga sprti biasanya  ini menunjukan beliau adalah salah satu anak muda harapan dari doa doa pendiri republik ini,0
Maret,virus corona akan hilang dan terkendali kesigapan pemerintah dan kesadaran masyarakat,0
Maret,tolong uang untuk bangun ibukota baru dialihkan dulu ke penanggulangan wabah covid    membangun ibukota tapi membiarkan rakyatnya terbunuh itu sangatlah keji,0
Maret,inilah akibatnya para politisi punya jabatan karna duitamprelasi bukan karna otakampnurani,1
Maret,aku bukanlah ahli surga  tapi tak kan kuat jika harus hidup di neraka,0
Maret,kerja mati ngak kerja mati  solusi nya minta bantuan pemerintah  semoga bisa,2
Maret,gininih kalo modalnya cuma nyebur kegot doank  plin plan  nyawa rakyat jadi tarohan,0
Maret,di rumah mati kelaparan di luar mati karna corona pemerintah wajib biayai semua masyarakat menengah ke bawah,0
Maret,lihat tuh pabrik garmen yang di cimahi istirahat jam  gak boleh keluar gerbang tapi di dalam pabrik kumpulkumpul dan berdesakan,0
Maret,harus ada bajupakaian anti corona  jadi aktifitas bisa berjalan normal dengan pakaian tsb,0
Maret,jadi kalau seperti itu pendapat dari pln kesempatan dong dengan covit koropsi,1
Maret,jgn menghutang kalau rakyat kecil jadi tumbalnya,1
Maret,rakyat kecil tamba di tindas di masa pemerintahan sekarang ini  brtagihan listrik melonjak dan pegawai nya kayak depcolector,0
Maret,sebenarnya gak merugi  yg benar korupsi belum merata   di bumn,0
Maret,amburadul,0
Maret,g tau deh mau jadi apa indonesiabrsuruh bljar drumah online kuota nya mahal memangnya mentri mau gratisin kuota selama beljat drumah    g boleh kmna surh di rumah aj   dirumah g krja butuh makan   aplgi ibu demenya tv an sinetron   tp listrik di naikin    entah lah    sak karepmu pak,0
Maret,kpr  kartu pembohongan rakyat,1
Maret,pln ambil kesempatan dalam kesempitan    hahahah ngangakkk kau pln,0
Maret,rekrutlah orang yg punya kwalitas  ini bukan rahasia umum,2
Maret,jangan mengambing hitamkan carona  pemakaian pln nya seperti biasa saja bung  tolong jangan hancurkan negara mu  dengan kenaikan tagihan listrik ini,0
Maret,sekarang sandiwara yg sangat hebat karena sutradaranya sangat ahli sekali dibidangnya kasihan sekali penonton sangat tertipu dgn sadiwara ini,2