Time;Periode;Comments
2020-06-02T01:27:25Z;September;Terawan ini minta data sama Anies. Pakar pandemi kenapa ngga dimintain data?
2020-04-29T12:44:05Z;September;Kenapa  bantuan  dari  pemerintah  masih  d pilih2  kenapa  juga  bantuan  nya  turun  dari  RT   dulu  kenapa  tidak  langsung  warganya  yang  d  beri  bntuan  yang  kena  dampak  virus  ini  semua  g  ada  pandang  bulu  kenapa  bantuan  ny  masih  d pilih2   sama   RT  ny  tolong  dong  mata  nazwa   yang  dari  tanggerang   mauk  tidak  adil  dalam  membagi  bantuan  untuk  desa
2020-04-27T17:37:14Z;September;Mentri2 jokowi sekarang pandai2 sekali
2020-04-22T18:00:33Z;September;Pak Jokowi, tolong segera lockdown pak. Klo mau sakit biar sakit sekalian, tp stlh itu beres. Kami warga saat ini ibarat sedang sakit keras dan butuh dioperasi. Meski operasi itu sakit tp menyembuhkan. Drpd hanya sekedar dikasih obat penghilang rasa sakit tp penyakitnya ga sembuh2. Skrg sdh hampir 2 bulan kami sesama warga saling membantu memberi makan. Tp klo bgini trus2an, akhirnya uang yg kami korbankan untuk berbagi dgn warga yg tidak mampu pun akan habis tetapi mslh virus blum jg beres2. Tolong pak Jokowi. Jgn biarkan kami orang2 ekonomi kelas menengah sampai tinggal rupiah terakhir baru kalian lakukan lockdown. Klo bgini akhirnya kaum ekonomi bawah dan menengah sama2 mati kelaparan karna kalah napas. Kami sangat sedih  pak, setiap malam berdoa air mata rasanya sulit ditahan merasakan hidup di kondisi seperti saat ini.
2020-04-21T17:32:37Z;September;kerja nya bikin panik warga 62 aja ni bu nazwa ??????bantu dong pemerintah dengan doa dan berita yang baik agar Indonesia terbebas dari corona ,bukan terus terusan nyalahin pemerintah ????????
2020-04-21T10:14:28Z;September;Corona diwuhan tp disini gk mau antisipasi. Menganggap enteng dan takabur... Akses internasional malah gk ditutup... Ingat suspek pertama dari mana...
2020-04-21T06:27:59Z;September;Sudah tau di negara komunis Cina terjadi endemik penyakit Corona virus, ada sebagian orang malah meremehkan dan mengundang wisatawan dari negara sumber penyakit. Jadi kalau sekarang di RI terjadi pandenik Covid 19 yang dampaknya sangat merugikan masyarakat salah siapa, sudah begitu  Bapak Anis Baswedan berjuang sebaik baiknya agar penyakit tidak menjadi pandemik malah di buli habis habisan.
2020-04-20T08:11:20Z;September;Seorang ilmuwan/peneliti 99% tidak akan bisa memimpin publik, contoh konkrit BJ Habibi, Jadi kalau di jadikan pejabat publik harus dipikir ulang karena bukan habitatnya harusnya dikembalikan ke habitatnya
2020-04-19T17:24:21Z;September;Kalau ingin nanganin cepat ya lockdown. Pemerintah masih takut rugi gk ada kemasukan.
2020-04-18T04:38:33Z;September;Makanya jangan pilih presiden yang nggak punya otak..
2020-04-17T21:31:38Z;September;CORONA...COMUNITAS PECINTA RONDO MEMPESONA...HOAX TU CORONA,BIKIN SUSAH RAKYAT AJA LHOO....
2020-04-17T15:03:58Z;September;Kurangnya Kesadaran Warga di Pademi Corona lebih baik Jam Operasi KRL dan Kendaraan Bermotor (Mobil dan Motor) Kecuali angkutan Mobil Box Truck,  dibatasi mulai pagi Jam 6.00-09 sore Jam 15.00-18.00 diluar jam tersebut semua kendaraan bermotor dilarang Beroperasi Di seluruh JABODETABEK
2020-04-17T13:14:22Z;September;Seperti nya  pak Anis sudah mulai bijak,  mantap. Tpi kok mata najwa jadi mulai aneh ya,  saya tdi nya sangat respek sama mata najwa kok sekarang jadi nggak. Bu yg mempersulit siapa?
2020-04-17T04:17:01Z;September;bln ini mumpung ada program pembebasan napi.. maka silahkan buat kalian yg geram dgn pemerintah pusat lontarkan aspirasimu wkwkwk.. semoga kalian puas...????
2020-04-16T15:07:52Z;September;salut sama kedewasaan berpikirnya pak anis open minded  dan gak nyala-nyalahin.
2020-04-16T09:57:23Z;September;Nazwa mancing2 pengen membenturkan antarpemimpin... cuma gagal. lama2 narisi pengen jadi provokator kynya
2020-04-16T05:51:41Z;September;Gua kira PSBB itu (ide) dari pemerintah pusat, ternyata dari DKI ya...? Kya BODETABEK yang malahan ngikutin Jakarta bkn atas pemerintah pust...? Perasaan gw gtu ya wkwkwk
2020-04-16T04:15:21Z;September;Bonus pemerintahan sekarang adalah para pemimpin didaerah-daerahnya punya kompetensi sebagai leader, pemerintah pusat hanya sebagai formalitas sebagai birokrasi saja.
2020-04-16T01:50:01Z;September;Anies Baswedan mantan anggota Palang Merah Remaja kemudian jadi  gubernur yg tugasnya melayani warga, jadi ud latihan bermasyarakat. DAAAN  joko wi petugas partai yg bekerja sesuai perintah kalo nggak ada perintah mana ada respon ! ? Tunggu perintah DONG
2020-04-15T19:10:24Z;September;sekali kali pengen liat pak presiden muncul di acara acara seperti ini, memberikan statement dan penjelasan tentang semua kebijakan yang diambil dan menjawab pertanyaan pertanyaan kritis yang diajukan secara langsung, kurang puas rasanya kalo cuma denger dari jubir jubir...
2020-04-15T17:42:15Z;September;Kang emil joss cara memberi staintmen nya beda jauh ama gub dki yg Mbulet
2020-04-15T17:29:27Z;September;habis gelap terbitlah terang........... next warga indonesia akan bijak memilih mana yang bijak dan mana yang Tidak..... insyaaallah akan datang pemimpin yang benar2 bisa memimpin dengan adil dan bijak untuk rakyatnya. semoga dengan kejadian ini...... semua rakyat indonesia akan lebih cerdas lagi memilih pemimpin untuk masa depan negara kita. amin....
2020-04-15T14:54:37Z;September;Welcome to Indonesia...Statment para Gabenor lagi mudah aku fahami dr statment Presiden Menteri Kesihatan...
2020-04-15T13:58:01Z;September;Pemimpin Dunia , yang tidak peduli sama Rakyat nya di bongkar oleh Corona
2020-04-15T11:45:58Z;September;apakahh indonesia ini akan musnah...????
2020-04-15T11:14:45Z;September;Coba atuh ,presidennya ikutan diskusi ,,,mba nana,, pngen denger tanggapan pak presiden di sini ,,
2020-04-15T10:02:07Z;September;Pemerintah harus perhatikan tim medis melengkapi APD, fasilitas tempat tinggal dan makanan sehat.
2020-04-15T09:53:48Z;September;Semua orang berharap pirus ini tdk menyebar keseluruh indonesia dan cepat berahir namun klau obyek2 pital tdk ditangani dan diawasi dgn baik oleh pusat mka daerah2 akan kewalahan dgn kewenangan
2020-04-15T08:48:06Z;September;Bukan berbelit belit,,,tapi biar duit apbd daerah keluar,,,korbannya rakyat kecil lagi,,,
2020-04-15T08:15:56Z;September;kemenkes hrsnya tau diri mengundurkan diri ckckckckckck gak pernah mau di tanya2in ttg pandemik wadadidaw sdngkan dy yg paling lambat sidak ke rs2 liat kesiapan dr januari, ngapain ajaaaaaaaa
2020-04-15T05:38:41Z;September;Pak president pak wakil president ,pak Menkes pada kemana yah...
2020-04-15T04:08:17Z;September;Pak Anis biar saya wakili kalau emang bapak gak mau bilang bahwa pemerintah pusat nyatanya tidak peduli dengan rakyatnya karna selalu memandang remeh ketika ada masalah yang menyangkut pada masyarakat.
2020-04-15T03:05:37Z;September;P anies sekarang darurat kesehatan rakyat
2020-04-15T03:03:25Z;September;P anies selamatkan rakyatmu tdk usah menunggu kebijakan pejabat lain yg tdk bertanggung jwb
2020-04-15T02:35:49Z;September;Indonesia butuh seribu jurnalis sprt najwa shihab....setelah menkumham saatnya menko maritim di koreksi najwa shihab....bravo najwa shihab
2020-04-15T00:58:06Z;September;Kesimpulan nya ,lelet yang bagian ngurus makro kesehatan
2020-04-15T00:53:24Z;September;LELANG JABATAN PASTI UNIK...
2020-04-15T00:05:51Z;September;Jadi pejabat kan modalnya besar jadi urusan bagi bagi bantuan ya berbelit.... Waktu pejabat cari suara pon rakyat berbelit... Introspeksi diri
2020-04-14T23:59:16Z;September;Pak Anis lebih bijak ...nanggapin ..pertanyaan mbak Nana..seorang pemimpin yg cerdas ga mau nyalahin orang lain...sebenernya masalah Corona ..ini murni kesalahan pemerintah..yg lamban antisipasi ..terlalu sombong ..dari awal
2020-04-14T19:57:28Z;September;Pak Terawan mana ya?! Semenjak pandemic cov19 pecah d indonesia beliau, tak nampak lagi, Mbak Najwa Requezt dong undang Pak Terawan di Mata Najwa
2020-04-14T19:35:46Z;September;Menkes kemana yaaa??? gak pernah muncul memimpin penanganan Covid19!!!
2020-04-14T18:18:33Z;September;Pemimpin sesungguhnya... Atau Superhero itu muncul saat kondisi genting pelik Pak Anies bergerak cepat, depan camera or operasi senyap pun sangat kita rasakan koq... Pak Anies...Anda superhero...
2020-04-14T16:43:32Z;September;Isu dunia yang ditangani cara lokal..
2020-04-14T15:46:15Z;September;Macam Mana yaa...kalau laa CORONA ITU bisa di tangkap sudah lama di ringkus ..??..tp Kan ngak mampak ,??
2020-04-14T14:56:25Z;September;Mendingan ini menteri kembali jadi dokternya calon orang kehilangan akal sehat aja....
2020-04-14T14:14:42Z;September;yg ditanya pa anies terus nanti difitnah cari panggung..mbo ya yg lainnya  yg terbelit dan terlilit elektabilitas
2020-04-14T13:57:32Z;September;Mata najwa telat..pa gubernur dulu lagi sibuk nana malah diem..udah parah baru ikut heboh..seandainya dulu pd nurut pa gubernur lain cerita.. Begitu lo mba nana dan yg lainnya
2020-04-14T13:15:48Z;September;SEMUA negara ( asia, eropa,amerika) tdk ada yg mengerti cara menangulangi virus ini krn virus baru yg belum dimengerti cara berkembangnya. jangan terlalu menghakimi pemerintah. BERPIKIRLAH apa yg kamu buat untuk  NEGARA, LINKUNGAN DAN BANGSA INI. Pemerinta juga sdh bekerja maksimal bukan tdk perduli sm rakyatnya.
2020-04-14T12:50:58Z;September;KECEPATAN KURANG KETEPATAN??????
2020-04-14T11:06:36Z;September;rapat koordinasinya aja itu si menkes gak ada ...
2020-04-14T10:51:59Z;September;pemerintah pusat lepas tangan... wilayah bertindakan sendirian...
2020-04-14T08:06:22Z;September;jadi runyem gara2 si corona sakti jg y corona bisa bikin dunya jadi gemparr ????????
2020-04-14T06:44:26Z;September;Kalau masih bisa dibikin sulit ngapain dipermudah , urusan Rakyat saja masih disulit2 gimana caranya golek bathi !!
2020-04-14T05:23:28Z;September;Transportasi di Jakarta tetap membludak utama nya krl...kenapa tuan Gubenur tidak dengan tegas memerintahkan pengusaha untuk menghentikan kegiatan..apa nunggu banyak korban dulu ?
2020-04-14T05:19:58Z;September;Keputusan nya mencla mencle ,, jelas yg mana pak...lising dan bank tidak mengikuti kebijakan anda tuan presiden...gak mau melaksanakan penundaan pembayaran cicilan...
2020-04-14T04:10:10Z;September;HIMBAUAN DARI GUGUS TUGAS TIDAK DILAKSANAKAN DENGAN BAIK OLEH PELAKSANA LAPANGAN DI SEMUA LINI LAYANAN PEMERINTAH, GIMANA PENGAWASANNYA?
2020-04-14T03:15:51Z;September;lebih tanggap pemda dibanding pempus
2020-04-14T02:11:02Z;September;Semangat untuk bapak/ibu pemerintah daerah. Kalian menunjukkan kinerja yg baik pada situasi genting seperti ini.
2020-04-14T00:48:14Z;September;Emng gak jelas... disini kelihatan kasitas pemerintah sebenarnya bayangkan ini perang senjata ?? Sya gak yakin rakyatnya bakal merasa aman..
2020-04-14T00:36:55Z;September;Presiden itu ga cukup bermodal baik hati Presiden harus lah baik hati,  jujur,  PINTAR,  BERWAWASAN,  CEKATAN,  mampu berpikir sendiri, Saya liat presiden yg sekarang bahkan ga mampu untuk berdiskusi 1 lawan 1 , jika berpidato harus pake kertas,  kalau berkomunikasi dengan luar negri harus di dampingi minimal 2 orang.
2020-04-13T23:24:01Z;September;Dulu di mata najua ini banyak penyokong si anu kok sekarang takada, baru tahu pemimpin itu kalau cerdas cepat tanggap ,dan tidak lelet
2020-04-13T22:04:01Z;September;Kalo mau psbb... seharusnya serentak donk.
2020-04-13T19:43:10Z;September;Skrg saya mau tanya,klo seandai nya mba najwa Jd org BERPENGARUH di Indonesia apa yg mau anda lakukan mba..??????
2020-04-13T18:41:23Z;September;Kasian mba nana beberapa episode kebelakang dikibulin sama menteri kesehatan..corona hanya hoaks..itu lah kesombongan yg hakiki
2020-04-13T18:40:13Z;September;Luhut tu orang tdk py hati , pantas untuk di pecat , dia lebih mentingkan ekonomi drpd nyawa rakyat. Po g takut tu yg nmy luhut kena hukuman dr allah !!! Ingat pak luhut wabah ne ujian dr allah , bs saja menyerang anda ....
2020-04-13T18:10:59Z;September;Goblog nya msh d bela, ngerihnya buzer buzur pd gentayangan, kritik  npa wouy salah ya salah benar y benar, tuh keliatan msh pd pinter trio gubernur dki jabar jateng tuh transfaran ke masyarakat mau gaet para ahli dan ilmuan
2020-04-13T18:08:42Z;September;+62 kalau ada uang kerja cepat.. Cepat di garong Cepat di korupsi Cepat maling2 pemerintah menikmati..
2020-04-13T17:40:22Z;September;Ues kl pk jokowi dan jajarany bebelit2 dan g sanggup ngurus corona , mending mundur ganti yh lebih pekak san cekatan untuk menyelamatkan rakyat indonesia ,
2020-04-13T17:27:57Z;September;Wah ini acaranya terlalu memojokkan pemerintah pusat yang bergerak amat sangat cepat, secepat kilat, Contohnya mengeluarkakan bejibun himbauan yg sangat <del>berfaedah</del><br><b><i>Cari aman aja daripada diciduk</i></b>
2020-04-13T17:08:38Z;September;Rakyat kita sudah cerdas ..bisa menilai mana yg bisa kerja mana yg kerja ny hanya di depan kamera..
2020-04-13T17:02:45Z;September;Awal  kemiskinan sudah mulai  sampay kpn musibah ini y Allh
2020-04-13T17:01:03Z;September;Ngomong lancar karena gajih gede coba kalo jadi kuli mau ngomong apa
2020-04-13T16:27:44Z;September;pemimpin pusatnya gak becus dan mengaggap REMEH soal COVID19,
2020-04-13T16:12:50Z;September;Pak presiden kami ini manusia. Tolong jangan bunuh kami perlahan.. tolong lengkapi alat penunjang kehidupan spt ventilator di rumah sakit dan puskesmas seluruh indonesia...
2020-04-13T16:01:40Z;September;Di Jawa bnyk yg tidak dpat bntuan begitupun yg luar Jawa. .. utang 70 triliun cuma buat senang para koruptor sja
2020-04-13T14:53:09Z;September;Klw lockdwon utang negara semakin besar ... Sekarang saatnya Indonesia bersatu saling bantu ,saling membagi Rezki ...karna musibah ini TDK di terima hanya satu golongan tapi semua golongan merasakan.. termasuk pak presiden dan semua anggota nya ..karna untuk menekan hutang Indonesia TDK melakukan lockdwon
2020-04-13T12:10:19Z;September;LUCUNYA NEGRIKU.....ORANG CARI MAKAN BUAT HIDUP DG HALAL karena UU PSBB bisa di pidanakan.... NARAPIDANA yg cari uang untuk foya foya di bebaskan.....????????????
2020-04-13T12:01:09Z;September;Kalau dulu ada staement corona tidak masuk ke indonesua karena birokrasinya berbelit - belit<br><br>Kalau sekarang corona susah keluar dari indonesia karena birokrasinya berbelit - belit
2020-04-13T09:11:11Z;September;"BEBERAPA PERTANYAAN NANA.. SEMESTINYA ADA MOMENT ANIES BISA MENGABIL KESEMPATAN UNTUK &quot;MENYALAHKAN&quot; PUSAT TETAPI DIA TIDAK LAKUKAN ITU,"
2020-04-13T08:10:07Z;September;itu yang rapat virtual DPR ada suara bersin keras banget wkwkwk aku yakin bersinnya ngga ditutupin ????
2020-04-13T05:31:18Z;September;Percumah sekalipun di jorokin emang mentok tetep diam ga bisa apa apa. Ada yg punya ide di jegal.
2020-04-13T02:56:37Z;September;Luhut memang memang biang bikin kacau negeri ini... Sayangnya dia juragannya jokowi... Alias bohir pilpres jkw.... Jadi jokowi lalalolo tok ga iso mecat luhut...
2020-04-13T02:45:46Z;September;jokowi udah gila kali ya... si tikus rakus luhut harus dilempar ke penjara... ???
2020-04-13T02:29:41Z;September;Ya ini semua salah kita dulu .. milih pemimpin yang pelihara buzzer .. alhasil apa2 selalu dibela buzzer. Sudahlah .. si anu dam jajarannya lihat nyawa cm data statistik dan gak lihat nyawa sbg hal berharga.. kita sdh tau klo mrk2 itu gak becus urus virus .. Kita sbg rakyat tinggal pasrah tinggal tunggu mati aja .. mati krn virus atau mati krn perut lapar dlm situasi sulit akibat covid-19. Semoga kt semua selalu sehat dan selamat.
2020-04-13T02:24:35Z;September;Negara ini gak serius menangani covid19 atau tdk memiliki kemampuan. Semoga bapak jokowi bisa menjadi presiden seterusnya sampai 30 periode supaya negara ini bisa dijadikan tumbal.
2020-04-13T02:19:42Z;September;Pemerintah terlalu banyak menuntut terhadap rakyatnya (tuannya) ancam sana ancam sini, giliran rakyat yg menuntut perlindungan akan kebutuhan kehidupannya, pemerintah terlalu banyak ngeles...tolong pemerintah seimbangkan antara tuntutan terhadap rakyat dan kewajiban pemerintah terhadap rakyatnya. Klo ga bisa, ini bisa jd potensi rusuh...
2020-04-12T23:22:20Z;September;President Jokowi tidak bertanggung Jawan dengan wabah covid 19 .DIA Sama opung tidak Mau melingdunggi rakyatnya.<br>Seorang gubernur kerja keras.Tatut DIA Sama Anis.Masya Allah Cara DIA bicara SAMPAI boss says acunkan jempol untuk Anis we can see who is the leader??????? The way he explain very smart n very interesting words
2020-04-12T23:03:21Z;September;Maaf ye saudaraku dì Indonesia.Stay Safe ye.Kami warga Malaysia mendoakan warga Indonesia sama2 bersatu melawan Covid ini????????????
2020-04-12T22:56:11Z;September;Setuju sama anis kali ini, data yang ditunjukkan memang real, tapi kalo yang sebenarnya ya nggk mungkin segitu karna kapasitas kita kemungkinan belum memadai, jadi bagi yang ngomong data gk bener ya bukan salah tapi bukan bener juga, apalagi yang bikin data perkiraan, semua juga bisa klo cuma gitu doang.
2020-04-12T22:22:49Z;September;kepingin lihat acara mata najwa juga conference ke Presiden RI 1 terkait kebijakan nya yang dibuat dari awal kes covid19 ini ada di Indonesia, apa bisa setegas ini si najwa bertanya?????? hehehe ^_^ pasti atut kali ya...semoga aja dalam waktu dekat mata najwa bisa hadirkan Pak Presiden berdialog tentang COVID19
2020-04-12T22:12:11Z;September;Skilas saya kira judulnya Terbelit usus corona ????????
2020-04-12T21:51:35Z;September;Kalo daya tampung sarana transportasi dikurangi, itu berpotensi merangsang masyarakat buat pake kendaraan pribadi. Semakin banyak yg pake kendaraan pribadi, Jalanan bakal tambah penuh, tambah macet. Gitu ga sih?
2020-04-12T21:14:51Z;September;Gatau da Indonesia lambat, udah tau penularannya cepat malah leha2
2020-04-12T20:43:23Z;September;putus hubungan sama china slelsay perkara.. Komunis itu jahat sgala cara dilakukan untuk menghancurkan, jauhi jgn didekati apalagi ditemani.. bergaul sama maling ya jadi maling<br>bergaul sama perampok ya kita jdi perampok juga bergaul sama penjahat kita pun ikut jdi penjahat.
2020-04-12T18:15:37Z;September;Memang berbelit dan tidak kompeten Mba. Salah satu contoh, orang yang melanggar PSBB diancam hukuman penjara. Sementara yang sudah dipenjara pada di bebaskan dengan alasan kemanusiaan Covid-19........????????????????????
2020-04-12T17:47:11Z;September;Klo semua nya usai baru semua pemimpin yang ilang nongol mengklaim ini hasil kerja saya jiah hihihihi
2020-04-12T17:26:56Z;September;Membuang masa dengan teori
2020-04-12T17:22:38Z;September;Hahahahhahahhahaaa yang berbelit itu anis baswedan bukan pusat,  bagi yang terhipnotis dan terbuwai dengan  penjelasan anis maka tidak akan fokus, dikira  hebat kerja keras hahahaa padahal plin plan. Warga +62 benar-benar gampang di tipu, dikit-dikit panik, dikit-dikit nyanjung, dikit-dikit menghujat.
2020-04-12T15:51:49Z;September;Terkesan tidak sinkron pusat dan daerah hrsnya kompaknkrn ini bencana kesehatan, kemudian kalau masalah pengurusan ijin2 investor dgn tegasnya dipangkas sementara bicara penanganan covid terkesan terlalu prosedural, jd muter2,  spend time sementara ini darurat kesehatan, sementara kecepatan penyebaran begitu cepat, hrsnya tindakannya lbh cepat juga, gmana ekonomi mau bisa jalan kalau masyarakatnya pd sakit  dan pd ketakutan, jd masyarakatnya dulu yg diurus, sehatkan dulu,  kompak dan fokus dlm penanganan ini, dan lakukan secara extream,  dan ga terkesan lempar tanggung jawab....sementara yg jd korban berjatuhan dan terus nambah...
2020-04-12T15:44:35Z;September;Ya ampun pemerintah pusat melindungi rakyatnya dari covid-19 amat memprihatinkan.
2020-04-12T14:25:49Z;September;anies itu seorang negarawan sejati, .. tidak semua pejabat juga negarawan, melainkan hanya sedikit sekali... beliau juga pemimpin yg diikuti rakyat yang dicibtainya, dan mencintainya... barokallah pak gubernur indonesia..
2020-04-12T14:02:35Z;September;setidaknya pemerintah pernah gerak sangat cepat. revisi uu kpk
2020-04-12T14:01:39Z;September;Salah satu syarat jika anda ingin menjadi politikus handal. Ketika mulai berkomunikasi dengan lawan bicara jangan lupa untuk memulai kalimat dengan kata-kata. Jadi begini/jadi yang harus/jadi sebenarnya/jadi (kata pembenaran)... Lalu mulai lah bicara secara panjang dan terus berputar-putar atau berbelit-belit. Ingat.... jangan to the point atau jangan jujur
2020-04-12T13:47:34Z;September;Jujur Pemerintah republik saat ini kalah tanggap dengan pemerintah Kolonial Hindia Belanda ketika wabah melanda
2020-04-12T13:15:56Z;September;buang2 biayah pak kalo tidak di karantina wilayah,   virus beres ekonomi pasti segera normal kembali.    buat apa di puji negara2 lain tp rakyak pda sakit kena viruz berkepanjangan
2020-04-12T12:47:14Z;September;Tanggapan saya sebagai seorang yang awam... Memang iya, mungkin berapa waktu lalu Indonesia seakan meremehkan Covid-19 (saya juga geram dengan hal itu) tapi, positif thinkingnya itu untuk meningkatkan Optimisme Pemerintah...<br>Terus sekaran semua elemen sedang berusaha untuk melawan covid-19...<br>Semuaa lapisan pemerintah bekerja keras untuk melawan ini (saya juga setuju kalau pemerintah tidak memperlihatkan situasi darurat)<br>Tapi jangan selalu MENYALHKAN dan jangan selalu membahasa yang sudah terjadi.....<br>Mengkritik sangat mengajukan saran jelas Hak Kita... Tapi MENYALAHAKAN buka hak dan bukan hal yang harus dilakukan..<br><br>Saya lebih sering membaca hal-hal yang lebih menyalahkan dari pada hal mengkritik dan memberi saran serta solusi...
2020-04-12T12:14:02Z;September;klo sy gelisah soal dampak dari coronanya terutama dari ekonomi...
2020-04-12T08:50:10Z;September;Mungkin ke depan Jabodetabek jadi satu wilayah pemerintahan dengan satu orang gubernur
2020-04-12T08:30:08Z;September;Jd selama ini para penguasa benar2 pencitraan.. ketika masalah datang keliatan gobloknya
2020-04-12T08:19:06Z;September;kinerja Pak Anies dan pak ridwan luaaarr biasa,sangat masuk akal dan nyata ,kinerja pusat dan menterinya moonmaap ????
2020-04-12T08:15:21Z;September;"Bnyk yg gemas dgn situasi tetapi phobia dgn hukum.<br>Mau mengeluh , mau mengkritik, dan mau marah . Tapi apalah daya remah2an hanya habis di makan semut.<br>Definisi KRITIK dan HINAAN antara penguasa dan rakyat sangat2 jauh berbeda!!<br><br>&quot;Kalian maha benar , kami selalu salah &quot;<br>&quot;Kalian sungguh sempurna , kami penuh dgn kekurangan&quot;<br><br>Kalian lah sang penguasa !!"
2020-04-12T06:27:58Z;September;Our story dan semua yg koment  pake nama palsu, 2024 msh lama, pandemic depan mata jgn adu domba deh.. bersikap jujur.. yg beber ya bener yg salah ya salah..
2020-04-12T06:07:17Z;September;Buat mbak najwa jangan tkut bicara kebeneran
2020-04-12T04:46:07Z;September;Semakin gw tonton semakin gw emosi anjir, kata kasar yang ada di otak gw pngen gw tulis semua, arrrrghhhh....!!!
2020-04-12T04:29:49Z;September;kalau dari pemeritah pusat tegas dari awal..dan memikirkan rakyatnya<br>korban covid 19 tidak akan bertambah.<br>semoga wabah ini cepat berlalu.amin.yra
2020-04-12T04:23:18Z;September;SUDAHLAAAAAAAAAAH, KAPAN MBA NANA SIAP JADI RI1 TANPA PARTAI ATAU BUAT PARTAI BARU! MUAK SAYA SAMA SEMUA NYA
2020-04-12T03:07:17Z;September;"Hikma adanya covid-19 adalah:<br>Tuhan mau memberi tahu hambanya bahwa &quot;saperti inilah pemimpinmu&quot;"
2020-04-12T02:39:37Z;September;Kalau pemerintah mau jujur dan minta maaf masyarakat pasti bisa mengerti... Tapi gengsi pemerintah mengalahkan naluri kemanusiaan..
2020-04-11T23:32:23Z;September;PSBB itu harusnya dari dulu di terapkan,kalau Sekarang mah mestinya karantina total,ga ada orang masuk dan keluar dari wilayah pandemi, jadi ga menyebar dan cepat teratasi.
2020-04-11T21:16:27Z;September;Temu Lawak, Astagfirullah negara kena musibah ati2 ngomong ntar kena diri sndr atau klg
2020-04-11T20:24:54Z;September;Emang ada ya Masker utk Kepala? Setahu ku sih Helm kali ya. Itu sih Udah Peraturan kalee
2020-04-11T19:15:24Z;September;Masalahnya gubernur  Dki adalah Anis baswedan...bayangkan Kalau gubernur Dki Ganjar prabowo atau Risma...Pasti disanjung dan di puja puji kayaknya pahlawan....<br>Dasar politik...viruspun dimanfaatkan!!!
2020-04-11T18:45:47Z;September;Nyerah kelihatanya, para pemimpin ini, rumit memang ngurus rakyat ya, sementara mereka berbincang-bincang kosong, sementara pasien corona nasibnya diujung napas kematian, seratus, duaratus, tiga ratus orang setiap hari.
2020-04-11T17:49:57Z;September;"Belum ada 1 pemerintahan pun yg pernah mengalami wabah se masive ini mulai indonesia merdeka.<br>Negara² yg lebih maju pun kalang kabut dgn betapa pelik &amp; dilematisnya dampak Covid19 ini.<br><br>Kecewa, geram, nyinyir, protes, boleh² saja....asal bawa data yg komprehensif, berimbang &amp; disampaikan secara sopan. <br><br>(Ciri kesopan santunan indonesia mulai terkikis sejak maraknya sosmed &amp; akun² alter netijen).<br><br>NB: Sy ga pernah fanatik terhadap manusia² manapun...karena fanatisme identik dgn kebodohan &amp; tertutup nya pola pikir.<br><br>Jaga kesehatan badan, kesehatan pikiran &amp; kesehatan hati kita masing².????<br><br>Tidak ada media yg netral di dunia ini, Semua Media pasti berpihak...tinggal berpihak kemana?<br>Penguasa,<br>pengusaha, <br>Pemilik media,<br>Golongan agama tertentu,<br>Kebenaran,<br>Atau kemanusiaan?"
2020-04-11T17:17:26Z;September;3842 orang case.<br>327 orang meninggal.<br>286 orang sembuh.<br>1 orang yang planga plongo.
2020-04-11T17:11:23Z;September;BIROKRASI MEMBUNUH BANGSA!!!!!!!!! SETIAP HARI ADA BERITA PEMERINTAHNYA BIKIN SEREMONIAL, PENYERAHAN BANTUAN, BLA BLA BLA, SAMPE SEMPAT BIKIN SPANDUK SEGALA!!!!!! OH, TUHAN!!!!!!
2020-04-11T16:32:30Z;September;negara tidak mau lockdown karna tidak mau ngeluarin duit buat rakyat,jauuuuuuuuuuh sama malaysia,klo buat rakyak mah,omong doang bantuan 405T,,,turun kerakyak kaga,kalo pun turun gk merata,dimalaysia gelandangan aja diperhatikan,miris liat negri ini.banyak mafia politik yg hanya mementingkan dirinya dan kelompoknya sendiri.
2020-04-11T15:43:56Z;September;Ribet lah.. Sekalian la tutup total sebulan aja selesai lek, aduh aduh aduh.. Ribet.
2020-04-11T15:32:32Z;September;"CAPE BRO TERLALU BANYAK YG MENYALAHKAN YG SATU DENGAN YG LAIN. BERFIKIR LAH KITE &quot; SECARE JERNIH ."
2020-04-11T15:29:11Z;September;Mantap ... disituasi yang sangat berat sekali buat bangsa ini .... narasi news menciptakan ruang untuk menumpahkan segala bentuk kebencian .... ??
2020-04-11T15:16:38Z;September;Banyaknya pegawai pabrik yang diliburkan, lalu mereka semua pulang ke kampung masing-masing...<br><br>Nah.... Saya berharap saja tidak menyebar ke wilayah lain..
2020-04-11T14:25:55Z;September;mata najwa kok jadi corong anti pemerintah. Kovid 19 itu wabah dunia PANDEMIK. Semua negara juga pada bingung cara menangulanginya. jadilah pengayom bangsa dan menangulanginya dengan bersatu dan gotong royong.
2020-04-11T13:24:00Z;September;Bisakah seorang presiden dipecat.... gemes gue...??????????
2020-04-11T13:20:41Z;September;Yang di tes se Nusantara baru 20 ribu.Di negara lain rata2 dah ratusan ribu, bahkan negara maju dah jutaan di tes swab. 3800 per hari ini itu ilusi.
2020-04-11T11:53:51Z;September;Masalah wabah ... Seharusnya gak ada yg disalahkan.intinya pak perlu berdebat ....a-z.<br>Syukur kehidupan ,hidup itu sadar dari hati . Bukan sadar dari fikiran dan akal.<br>????????
2020-04-11T11:21:30Z;September;"Awalnya takabur<br> &quot; Indonesia bebas Corona, orang Indonesia tahan Corona krna ini itu,&quot; sekali masuk kena 1 org, penyebarannya g terkontrol. Menkes nya ketawa ketiwi bikin guyonan soal Corona. Skrg ngumpet dan g ad ide yg cemerlang dri menkes"
2020-04-11T09:54:12Z;September;"&quot;Kemenkes tidak datang teleconference, menarik!&quot; dari ekspresi mbak Nana, I feel you too mbak."
2020-04-11T09:45:34Z;September;Wanted Bapak Terawan.<br><br>Dicari Bapak Terawan yg Terhormat!<br><br>Anda dimana? Dengan siapa? Sekarang berbuat apa?
2020-04-11T09:27:46Z;September;Mff jngn 100%menyalhkn presiden,krn presiden melakukn ini itu jg atas data menkes,,menkes yg dr awal terlalu bhkn sangt2 terlalu santuy ,,,,,,sekrang kedodoran,,aplgi yg di daerah,,,,
2020-04-11T09:03:19Z;September;Salut sama pak Ridwan Kamil yg nyedian bahasa isyarat, ingat mereka juga punya hak utk informasi2 penting ini. At least klo gaada penutur isyaratnya, adain text sepanjang acara. ??
2020-04-11T08:24:32Z;September;"Jelaslah pemerintahan pusat jokowi leleeeet, lamban. menyia-nyiakan waktu 2 bulan januari-februari 2020. dengerin mentri ngomong :&quot;cuaca indonesia panas virus cororna mati sendiri, tak akan ada wabah corona dll&quot;. tambah lagi bukan karantina tapi PSBB. PSBB leleeeet lagi. DKI cepat tanggap, di awal februari sudah bergerak. anak sekolah belajar di rumah. dah sekarang PSBB, beri rakyat indonesia makan. keluarin uang 500 Trilyun. selamatkan nyawa rakyat daripada ibukota baru. beri sembako yg rata pada yg hilang penghasilannya. Jangan dikorupsi !!! mata jeli, korupsi jangan diberi hati"
2020-04-11T07:57:28Z;September;buat gubernur ridwan kamil<br>gak usah bapak mikirin masalah arus mudik yg masih lama pak, puasanya aj blm.. udah mikirin mudiknya.<br>mending bapak fokus gmn caranya supaya masalah ini selesai dgn cepat bahkan berusaha sebisa mungkin selesai sblm ramadhan tiba, itu lebih kami hargai divanding bapak bicara MUI hrs mengharamkan mudik, gak nyambung pak yg lg divahas itu corona dan bapak sebagai pemerintah di tuntut untuk bagaimana menghadapi masalah corona ini bkn malah melebar ke mana mana....<br>bicara untuk hari ini dulu jgn yg blm kita hadapi dibahas nanti ujung2 nya telat trus kebijakannya..
2020-04-11T07:51:44Z;September;menurut perkiraan<br>76605 orang di kali 3% = 2298,15 orang<br>serem juga kalau kenyataannya seperti itu tp yang tercatat 168 orang, alahmdulilah berati sisanya mungkin sudah sembuh, dan turut berduka cita untuk yang telah wafat
2020-04-11T06:11:55Z;September;"Coba kalo sekarang gubernurnya ahok, mungkin kebijakannya beda:&quot;)"
2020-04-11T04:34:35Z;September;mengelola negara kebanyakan gimik. negara gini mau protes aja klo di underestimate. lah memang under kok pada protes bukannya sibuk berbenah.
2020-04-11T04:27:45Z;September;Daripada berbelit..lebih baik kita minum kopi kapal api, bisa menyembuh penyakit corona..??
2020-04-11T04:27:33Z;September;Udah . . . jgn pd khawatir . . . corona bisa sembuh sendiri . . . sembuh dengan cara mati sendiri
2020-04-11T03:22:06Z;September;Saya pmilih jokowi,,<br>Senang dgn ahok..<br>Tapi kalo benar2 apa yg d wacanakan ma pak gub jakarta...<br>Jangnlah menutup mata dgn kputusannya dan jangan malu apresiasi,,<br>salut p.anies.??????
2020-04-11T02:40:05Z;September;Seperti yang sudah saya duga Januari lalu. China dalam 2 minggu bikin RS, Indonesia dalam 2 minggu keputusan aja didebat tanpa ada ujungnya. Hari gini diktator lebih diperlukan.
2020-04-11T02:21:10Z;September;Bapak jokowi yg terhomat...klo bapak gak bisa ngurusin negara/gak sanggup mending mundur saja pak.... Kasihan rakyat pak dikorbanin terus... Mendingan bpk ngurusin......!!!
2020-04-11T02:04:36Z;September;Ibarat anak kelas 6 SD disuruh ngerjain tugas anak SMA, ya seperti ini lah kejadiannya.. kualitas itu tidak bisa dibohongi dan saat seperti inilah diuji..
2020-04-11T01:59:01Z;September;Siiip,dan gak salah.  Najua ini mmg pembawa sekaligus penyampai yg khusus di jontrak oleh saudaranya yaitu anis bas edan. Kan sama2 ktrnn kadron. G prn ada berita najua tntg propinsi lain selain jakarta.  Tau kan emang jakarta aja. Msh bnyk lagi yg lain.
2020-04-11T01:47:42Z;September;Corona, sebuah drama media dan data.<br>Suka2 amerika inggris italy mau bikin kematian ribuan atau juataan. Are real?
2020-04-11T01:36:45Z;September;Keliatan bodohnya gubernor maling ni.kalao yg kena firus golongan babi2 berjenggot2 gpp.
2020-04-11T01:25:03Z;September;Inget di beribatasan malah jalan2 , di larang pulang kampung malah pulang jadi jangan salah kan pemerintah tapi salah kan diri kita dahulu bahwa kita tidak bisa di siplin diri sendiri.
2020-04-11T01:04:20Z;September;Mana menkes nya, kok nggak muncul ?
2020-04-11T01:02:27Z;September;Itulah akibat dari meremehkan dan tidak transparan dari awal. Belum lagi ditambah beredarnya informasi yg tdk bertanggung jawab dan pembodohan yaitu imun tubuh kita lebih kuat karena terbiasa makan jorok,  makanan berformalin dan gorengan plastik.   Jangan hanya mau menerima yg sedap didengar yg belum tentu benar dan menolak kebenaran yg pahit
2020-04-11T00:54:26Z;September;Menurut ane perhitungan Bpk Sulfikar Amir dari NTU dengan membandingkan Jakarta dan kota2 yang disebutkan apa sudah memperhitungkan berdasarkan data WNA yg masuk ke Jakarta ketika kasus itu terjadi dibandingkan dengan kota2 yg menjadi pembadingnya? Sebagai contoh antara thailand dan italy pun dengan jumlah penduduk yang kira2 sama tapi jumlah kasus  yg di data bisa jauh berbeda...
2020-04-11T00:45:09Z;September;Ini seakan2 pusat lepas tangan, jd hanya daerah yg aktif menangani covid. Apa guna status bencana nasional donk..<br>Ini ni yg sy kecewa...
2020-04-11T00:34:25Z;September;Hahahha. Pusat sama daerah aja g sinkron.
2020-04-10T23:26:33Z;September;Gini pak gubernur seharus nya orang asing masuk ke indonesia wisatawan misalnya itu harus dikarantina dulu 2minggu sblum orang asing itu berbaur dgn masyarakat indonenesia jgn main nyolonong aja gk diawasin..dibandara terutama..harus ketat..trus pemerintah pusat juga gk serius menangani virus ini seharusnya udah disiapkn tmpat karantina bagi orang asing..
2020-04-10T22:24:01Z;September;Di tengah kesulitan rakyat seperti ini rakyat sdh menyadari mana pemimpin yg  cerdas sangat pro rakyat
2020-04-10T22:20:39Z;September;Kualitas pemimpin ilmu nya urus yg genting gaya rendahan urus uang pinter
2020-04-10T22:12:16Z;September;Harusnya pemerintah sadar, bahwa byk rakyat yg sdh kesal sm pmerinthn jokower. Cb ngobrol lnsg sm rakyat pasti sm jwbannya.
2020-04-10T22:11:41Z;September;Dari awal udah di beri tau malah di anggap enteng ama mereka dsar dungu , kita doa kn saja semoga corona nya ke para pemerintah , Luhut dan rezim biar mereka mmpus semua dgn corona
2020-04-10T21:27:24Z;September;Mulai dari BPJ* sampai Corona bisa dinilailah
2020-04-10T21:13:49Z;September;"Kalau dari argumen Dr Rafly Harun menggambarkan betapa &quot;pekoknya&quot; dan dungunya pemerintah pusat"
2020-04-10T21:06:06Z;September;Najwa : kita bicara jakarta mas anis,  gak usah bicara yg lain. <br><br>Heee heee<br>Pusing najwa liat jawaban anis
2020-04-10T20:54:26Z;September;80% hancurkan gedung bebas corona
2020-04-10T19:59:12Z;September;Saya puji prestasi Pak Ahok, Pak Erick, Pak Basuki serta Ibu Mulyani. Keempat tokoh ini telah mampu menunjuk kan kemampuan mereka sebagai “leaders” yang cukup berprestasi, kreatif dan resourceful,.....apalagi dengan keadaan yang semakin sulit seperti sekarang ini. Sehubungan dengan tokoh2 pembantu Presiden yang lain nya,......mereka itu ibarat nya seperti “pemain figuran/extra” yang kerja nya cuma menongkrong saja,....maaf, tapi ini adalah kenyataan.                                      <br>Ada lagi saat ini, berkembang suatu gejala cukup memprihatinkan. Pada  saat  kita  sedang  perlu-perlu  nya  persatuan  serta kesatuan  dalam  memerangi  pandemic  Covid-19,  kesan nya,  Republik  ini  malah  saling  terkotak-kotak.  Pada  saat yang  bersamaan,  bagi  rakyat,  persatuan  serta  integritas bangsa  bukan  berarti  melaksanakan  kewajiban  serta  hak bernegara  tanpa  “ketidak  sepakatan.” Kokoh  nya  persatuan  serta  kesatuan  bukan  berarti rakyat  harus  “meng  iyakan”  kebijaksanaan  atau keputusan  pemerintah  yang  tidak  benar.  Didalam  sebuah negara  demokrasi,  “kebenaran”  yang  sifat  nya  hakiki  itu tidak  ada!  Semua  kebijaksanaan  adalah  suatu  hasil  dari analisa,  pertimbangan,  wisdom  dan  musyawarah.  Oleh sebab  itu,  dalam  demokrasi,  keabsahan  dari  suatu keputusan  pemerintah  bukanlah  suatu  eksklusif monopoli  kubu  atau  partai  politik  manapun.  Dengan  kata lain,  hanya  rakyat  lah  yang  berhak  dan  dapat  me legitimasi  kebijaksanaan  pemerintah,  bukan  badan badan  legislatif  yang  sedang  berkuasa.  Bukan  hanya  itu, pihak  yang  mendapat  amanat  dari  rakyat  akan “kekuasaan,”  harus  dengan  legawa  menerima pertanyaan,  analisa  serta  kritik  atas  segala kebijaksanaan  yang  pemerintah  itu  sendiri  keluarkan, tanpa  berprasangka!! In  a  Democracy,  “check  and  balance  and  also accountability  from  possessing  power”  are  a  must! Apa  yang  terjadi  di  negara  ku  tercinta  akhir-akhir  ini sehubungan  dengan  pandemic  coronavirus?  Ada  suatu  perkembangan  yang  cukup  menghawatirkan,  yaitu adanya  kecenderungan  pada  sebahagian  pejabat pemerintah,  tokoh  masyarakat,  media  masa  serta  para “buzzers”  pendukung  pemerintah  pusat  untuk membangun  suatu  narasi  bahwa  seolah-olah  berbagai kelompok  lapisan  masyarakat  dari  berbagai  penjuru  di seluruh  Indonesia  yang  tidak  sepakat  dan  melontarkan kritik  keras  adalah  seolah-olah  “anti  pemerintah,  lawan politik  dan  perlu  dipertanyakan  loyalitas  nya  terhadap bangsa  dan  negara.” Tidak  percaya?  Silahkan  anda  lihat  sendiri  berbagai macam  comments  baik  di  media  masa  maupun  social media.  Bagaimana  berbagai  tokoh  masyarakat,  tokohtokoh  pemerintah  daerah  yang  tidak  sepaham  atas kebijaksanaan  pemerintah  pusat,  serta  rakyat  biasa  yang mengkritik  serta  memiliki  pendapat  yang  berbeda dengan  pemerintah  pusat  dalam  hal  penanganan pandemic  Covid-19.  Berbagai  macam  bulian,  hujatan “anti  pemerintah”  serta  “intimidasi  hukum”  melanda  bagi siapa  saja  yang  berani  membuka  suara.  Sekali  lagi  saya tekankan  bahwa  hal  ini  sedang  terjadi  di  Indonesia dalam  suatu  kerangka  “narasi  dan  kecenderungan.” Saya  bukan  seorang  yang  naif,  saya  tahu  dan  percaya bahwa  memang  ada  “sekelompok  oknum”  yang  selalu mencoba  memancing  ikan  dalam  kekeruhan,  tapi  bukan berarti  rakyat  dan  setiap  kelompok  yang  mengkritik kebeijaksanaan  dan  mempertanyakan  kompetensi pemerintah  dalam  penanganan  pandemic  Covid-19  itu adalah  “lawan  politik”  yang  tidak  setia  kepada  persatuan serta  kesatuan  Republik  ini.  Justru  sebaliknya,  saya serta  jutaan  rakyat  Indonesia  seperti  saya  ini  sangat mencintai  Indonesia.  Mohon  kita  semua  ingat,  bahwa kecenderungan  sebahagian  rakyat  Indonesia  dalam “meng  idolkan  figur  tokoh  pemimpin”  di  atas  kerangka hukum  serta  nilai-nilai  demokrasi  (yang  antara  lain adalah  kebebasan  melontarkan  pendapat,  kebebasan pers,  kebebasan  beragama,  dll)  adalah  sangat berbahaya  dan  amat  disayangkan.  There is a thin  line between democracy  and  authoritarian. Yang  terakhir,  perlu  diketahui  bahwa  saya  adalah  salah satu  dari  sekian  puluh  juta  rakyat  yang  mendukung beberapa  kebijaksanaan  strategis  pemerintah.  Pada  saat yang  bersamaan,  ada  juga  beberapa  kebijaksanaan yang  saya  tidak  sependapat.  Salah  satu  diantaranya adalah perihal  penanganan pemerintah  terhadap pandemic  Covid-19  yang  menurut  hemat  saya  adalah lambat, setengah-setengah,  kurang  transparan, rancu  dan  tidak  efektif.  <br>Hari ini, CNN Indonesia baru saja memberitakan bahwa Indonesia adalah salah satu dari negara paling rendah di dunia dalam pengadaan tes coronavirus.                          Berikut kutipan dari CNN Indonesia: “Berdasarkan data referensi statistik Worldometer per Rabu (8/4), Indonesia yang merupakan negara dengan penduduk terpadat keempat di dunia ini baru melakukan tes terhadap 14.354 warga.<br>Data itu menggambarkan bahwa hanya 52 orang yang menjalani tes corona dari setiap satu juta warga Indonesia.  Angka pemeriksaan yang rendah itu pun dinilai sejumlah pihak mengejutkan mengingat Indonesia merupakan negara dengan tingkat Gross Domestic Product (GDP) tertinggi di Asia Tenggara. Jumlah GDP kerap dijadikan patokan standar hidup sebuah negara. <br>Sementara itu, angka pemeriksaan corona Djibouti, salah satu negara kecil di Afrika Timur, bahkan lebih tinggi dari Indonesia. Negara itu sejauh ini telah melakukan tes Covid-19 terhadap 2.229 warga. Populasi penduduk Djibouti tidak sampai satu juta orang.”<br>Point nya adalah, pemerintah harus menerima dengan legawa kritik para ahli jntuk kemudian melakukan re-evaluasi dan instrospeksi diri dalam membuat kebijaksanaan. Kenyataan yang ada sekarang adalah, pemerintah pusat cenderung bereaksi secara defensif dan melalui para “buzzer-buzzer” nya malah menyerang, memojok kan bahkan meng intimidasi melalui proses hukum (dengan berbagai macam dalih hukum) berbagai tokoh masyarakat dan rakyat yang berani mengeritik. Sungguh sangat disayangkan and shame on all of  you who play “cheap politics”  and  use this crisis for political gain.
2020-04-10T19:58:00Z;September;Nanti klo PSBB gak epektif baru LOCKDOWN.<br>Dimna situasi sudah telat pnyebaran sudah tidak terkontrol,<br>Gak percaya liat aja.<br>Dimna konsumsi masyarakat sudah menipis.<br>Yang menang yang uang nya tak ada seri,<br>Mudah2an teori saya ini salah amin,
2020-04-10T19:51:56Z;September;Sejak awal, saya berpendapat bahwa Pemerintah tidak kredibel dalam menangani pandemic Covid-19. Seperti nya dari mulai awal pemerintah gagal tanggap bahwa pandemic ini serius. Pada waktu pemerintah mulai sadar bahwa ini adalah sangat serius, sudah telat!! ———— ITB Ungkap 32 Ribu Kasus Corona Tak Terdeteksi di DKI
2020-04-10T19:49:46Z;September;"+62 benar2 LELUCON.<br>Masalah kesehatan selesai, ekonomi &amp; sosial mengikuti otomatis.<br>Bukan ekonomi dikedepankan, masalah kesehatan ga selesai2, malah ekonomi jg ga selesai2.<br>Simple begitu malah dibikin ribet."
2020-04-10T19:37:09Z;September;Kenapa serasa kepala2 daerah malahan yg lbh cepat tanggap penanganan wabah ini ya....?pusat lelet ky ??
2020-04-10T19:30:47Z;September;Pemimpin secara de jure bukan berarti juga secara de facto. Kelihatan kualitas pemimpin disaat genting seperti ini. Salut
2020-04-10T19:25:11Z;September;Mungkin kalau yg urus Najwa ngga berbelit, coba deh diurusin, mungkin lebih beres dr pemerintah tp... mampu ngga ya dia ?? kalau cuma omong dan kritik doang, semua orang bisa ya
2020-04-10T19:24:49Z;September;jgn selalu bicara menyalahkan satu sama lain. Ni lah akibat sok pinter sok benner sendiri.
2020-04-10T19:22:15Z;September;Contohi Malaysia<br>Fasa 1 pemantauan<br>Fasa 2 kawal penularan <br>Fasa 3 pemulihan<br>Fasa 4 pembersihan<br>Fasa 5 pembebasan<br>Itu 2 bulan 10 hari.<br>Corona bisa menjadi tsunami seperti Amerika Italia dan lain2 yang kita saksikan sendiri.<br>Kenapa harus berpolitik pada saat nyawa jadi taruhan.<br>Tidak hairan kalau jumlah korban mencapai 1000 jiwa jika corona d anggap enteng.
2020-04-10T19:21:52Z;September;"Kok pada kecewa sama pemerintah pusat siih?... Kalo kata bob sadino: &quot;kalo gak pengen kecewa jangan berharap&quot;, lagian pada berharap sih lu pada.. hihihi"
2020-04-10T19:12:00Z;September;Sepi suasana nya jadi ngeri kaya tempat mati
2020-04-10T19:06:57Z;September;Aneh..Kenapa jadi kepala daerah yg action//<br>Pemerintah, dibelakang layar..<br>Ntar kalo berhasil.. nge_Claim.. <br>kalo gagal di jorogin...
2020-04-10T18:58:58Z;September;Pak Anies itu loh udah dipancing pancing ngga mau juga nyalah nyalahin orang.
2020-04-10T18:56:59Z;September;Banyakan  ngomong Kapan kerjanya?  Sementara orang pd tewas rumah sakit penuh.Pembawa acara malah ngabsen pejabat happy dipanggil Mas kang...serasa suami.  Pesan untuk rakyat plinplan some ngawur , data ecek2 di paparkan. Indonesia dijadikan time bomb
2020-04-10T18:55:03Z;September;Nasib ojol diperhatiin tapi nasib rakyat bawah gak diperhatiin buat nyari nafkah.. padahal dampak PSBB juga berdampak lebih parah buat pedagang kecil<br>Ada apa dgn ojol ? Apa karna ojol punya media sedangkan yg nyari nafkah manual gak ada medianya ?
2020-04-10T18:54:55Z;September;Harusnya psbb seleruh indonesia sih, misal kalau do Jabodetabek sudah selesai, tapi di daerah lain masih ada, berarti Indonesia masih terancam, pak Jokowi, saya berharap anda bergerak cepat, korban sudah berjatuhan, pahlawan medis sudah berguguran, jangan beratkan materi diatas kemanusiaan.
2020-04-10T18:53:16Z;September;Semoga wabah ini cpt selesai jujur sy pribadi was was,sy pelaku usaha kcl sunguh berpengaruh
2020-04-10T18:35:42Z;September;"Hai Tuan yang ada di Jalan Merdeka barat...<br>&quot;TOLONG JANGAN PERNAH MENGELOLA NEGARA DENGAN AMATIRAN&quot;<br>Nanti RAKYAT lho yang akan menanggung akibatnya."
2020-04-10T18:35:40Z;September;"Mau komen bingung....!! Oh ya kira2 apa ya tanggapan kakek tua ma&#39;ruf amin sebagai wapres di NKRI ini tentang virus corona yg melanda bumi pertiwi  ?????"
2020-04-10T18:27:43Z;September;Warga tidak berdosa jadi korban, mayat mayat gelimpangan, dokter, perawat orang orang hebat mati seperti tak ada harganya.dari awal january Seharusnya pemerintah stop semua international flight dan usir semua China communist ke asal nya
2020-04-10T18:22:38Z;September;2 minggu sudah di karantina meninggalkan istri yang lagi hamil  berjuang melawan Covid-19 tetap semangat tim sejawat
2020-04-10T18:18:13Z;September;Hrsnya scala prioritas jgn seperti urus izin menangani situasi darurat
2020-04-10T18:17:06Z;September;penanganan wabah ini berbelit belit karena selalu dikaitkan dengan ekonomi padahal nyawa lebih berarti dari ekonomi nyawa tidak bisa dibeli tapi ekonomi bisa tumbuh kembali saya setuju dengan ahli tata negara bpk rafly harun
2020-04-10T18:10:16Z;September;Mosi tidak percaya pemerintah.... Dan mari kita himbau agar si dukun turun tahkta dari kursi menkes......
2020-04-10T17:37:14Z;September;"Sebenarnya...jika Pemerintah daerah sudah memiliki dan bahkan sanggup secara mandiri dalam penanganan pandemi ini...pemerintah pusat bisa lebih santai...cukup dengan menjaga koordinasi antar pemerintah daerah. dan mempersiapkan sarana yg dibutuhkan secara nasional...<br><br>disini terlihat...perintah pusat seperti &quot;takut kalah pamor&quot; juga sih..."
2020-04-10T17:05:39Z;September;Disini keliatan pemimpin mana yg berisi otaknya. ??????
2020-04-10T16:40:16Z;September;Dari awal pemerintah pusat sdh glabakan dan pada akhir nya pemerintah daerah yg bertindak jadi aman donk pemerintah pusat.
2020-04-10T16:37:49Z;September;"Daripada &quot;BERBELIT&quot; urus corona,,,,,lebih baik meng ANTISIPASI dan  PAHAMI bahwa DUNIA &quot;menyikapi&quot; IKLIM,  ternyata berdampak  terjadinya berbagai BENCANA,,,seperti KEBAKARAN HUTAN, BANJIR,  ANGIN PUTING BELIUNG,,BADAI,  TANAH LONGSOR, GAGAL PANEN,,,Afrika Timur DISERANG JUTAAN BELALANG,,,dan BERKEMBANGnya WABAH PENYAKIT , diantaranya VIRUS  &quot;KELAS DUNIA&quot;,, COVID-19 PANDEMIC,,,!!! JADI, ternyata memelihara LINGKUNGAN ALAM sangat,,sangat PENTING utk KELANGSUNGAN HIDUP umat manusia di DUNIA ini,,!!,,,jadi umat manusia   SELAMA nya HARUS DISIPLIN menjaga KESEIMBANGAN LINGKUNGAN ALAM,,termasuk  mengANTISIPASI keMUNGKINan  sekali waktuTERJADI  lagi banyak MACAM2 bencana alam sbg akibat  terjadi BADAI MATAHARI,,!!"
2020-04-10T16:36:05Z;September;jelas pusat tak serius utk cegah corona. krn bandara dibuka  dernaga dibuka....
2020-04-10T16:33:56Z;September;Kok masih kaya orang baru aja tinggal di negara +62 mang baru tau birokrasi  berbelit ada duit aja lama apa lagi ga pake duit cuma pake darurat ?? ?? ?? ?? ??
2020-04-10T16:33:47Z;September;D mn janji reformasi birokrasi?? Apa cuma berlalku d pengrusan ktp dan administrasi publik aja?? Atau tergantung kepentingan???
2020-04-10T16:31:04Z;September;tadi sy lewat di pasar kebayoran lama masih banyak pedagang sayur yg tdk memakai masker, sy harap lebih tegas lagi jangan sampai anggaran yg di keluarkan untuk PSBB itu sia2 karena masih banyak masyarakat yg tdk mematuhi aturan
2020-04-10T16:30:02Z;September;Sekarang saatnya ujian kecerdasan pemimpin yg sebenarnya.nanti masyarakat tahu sendiri secara jelas dari hadil kerjanys
2020-04-10T16:18:21Z;September;Bukan berbelit tapi longa longo alias bingung karena tak kada money
2020-04-10T16:15:45Z;September;Sebaiknya kembali keaturan semula ojol dilarang membawa penumpang sesuai dg penerapan yg terjadi tgl 10 dimana Ojol telah di tolak masuk jakarta jika ada penumpang. Atau jika ada kesalahan diaturan sebaiknya di refisi secara formal dan tulisan biar aparat kepolisian dan satpol PP tidak berantem dg masyarakat
2020-04-10T16:15:41Z;September;"Pak Wiku jauh lebih cocok jadi Menteri Kesehatan dibanding Pak Terawan, penjelasannya jauh lebih baik, tidak menyesatkan &amp; mudah di pahami oleh masyarakat. Dan semangat untuk Pemerintah Daerah yang jauh lebih sigap menangani pandemi ini. Semoga momen seperti ini bisa jadi bahan pembelajaran untuk Pemerintah Pusat yang birokrasinya bertele-tele, tidak efisien &amp; kompeten, padahal tinggal nyontek yang sudah di implementasi negara seperti Taiwan &amp; Korea Selatan."
2020-04-10T16:08:30Z;September;"tanpa kita sadari corona memberi contoh kita.... &quot; tanpa berbicara.. banyak kerja ...kerja cepat sudah sampai keliling dunia &quot; ...thanks god...pelajaran yg sangat luar biasa"
2020-04-10T16:07:25Z;September;"Kasian sebnr nya klo liat para pemerintah yg bnr2 udh tulus ikhlas bertgg jwb berusaha menjaga &amp; melindungi rakyat nya. Tp kadang rakyat nya sulit skl utk di himbau apalg di larang, terlebih klo urusan nya udh soal kebutuhan hdp yg memang urgent. Smua rakyat jg sy yakin bngt mau taat aturan diem2 di rmh klo urusan mkn mereka ada yg menanggung nya. Sy yakin kok smua nya jg sebnr nya takut utk keluar rmh dengan ada virus ini. Tp apa mau di kata klo udh bicara soal kebutuhan hdp &amp; ga ada yg bs menanggung smua itu secara maksimal, pd akhir nya beginilah jd nya. Klopun kita saling menyalahkan, ga akan menyelesaikan mslh jg. Pd akhir nya menrt sy yg memang org awam nih ya, utk para pemerintah yg memang bs sll amanah dlm menjlnkan tugas nya maka jlnkan smua nya dengan sebaik mungkin &amp; Lillaahi Ta&#39;alaa. Utk rakyat yg memang sdh paham mana yg baik &amp; mana yg tdk ya silahkan di pertimbangkan sndr klo mau melakukan sesuatu. Kita udh sm2 tau &amp; bs beljr dr wuhan, jd pasti nya kita jg udh sm2 tau apa efek nya klo kita smua sll slh2 dlm berkelakuan. Klo ada yg pny prinsip mati ya tinggal di kubur, udh tau kan yaa klo gegara virus ini sampe pengurusan jenazah nya aja ribet bngt. Jgnkan jenazah nya, msh jd pasien QIF19 aja udh ngerepotin 3 tenaga medis jatah utk 1 pasien yg terpapar. Jd ayolah kita sm2 smart thinking utk bs berdoa &amp; berusaha agar segera Allah cabut ujian Qif19 ini &amp; kehdpn kita bs berjln normal kembali. Sy doakan smua nya sll dlm lindungan Allah SWT. Aamiin Yaa Mujiib"
2020-04-10T16:06:16Z;September;Kualitas pemimpin bisa dilihat dr cara dia dlam mngambil.keputusan..ato kebijakan
2020-04-10T15:58:56Z;September;Berbelit dengan corona, motor ga boleh boncengan 2 harus 1orang sekali cuma 1 orang begal yang mengintai, kudu piye iki harus melawan virus dan sesama kita sendiri
2020-04-10T15:58:01Z;September;"Dulu <b>gak sedikit yang nyinyir pak Anies</b> <br>Sekarang terbukti pa anies hanya melakukan itu utk <b>menyelamatkan rakyatnya</b> <br><br>Netizen <b>GOB&amp;ok</b>"
2020-04-10T15:57:57Z;September;"kenapa setengah&quot; ya ngurusnya? kan jadinya makin lama dan makin miskin dompet ini udh sebulan lebih enggak kerja<br>:("
2020-04-10T15:49:23Z;September;Berat bgt beban dan tanggung jawab yg harus dipikul pak anies...sementara yg  yg seharusnya mengemban amanah sibuk cengengesan prank sana prank sini
2020-04-10T15:43:06Z;September;Yg komen disini rata2 suka nyalahin orang, bukan nya bantu. Eh malah bully hadih parah, 1 perbuatan lebih baik dari 1000 kata
2020-04-10T15:41:26Z;September;ngga ada ujung berbelit2...<br>kbnyakan masukan tanpa ada tujuan jelas<br>mungkin nunggu wabah sudah ngalahin wuhan baru ada saling ngalah dan waktuuu sudah terlambat
2020-04-10T15:39:04Z;September;Walau pimpinan pemerintahan pusat berkerja lambat dan bodoh serta politak politik melulu, tetapi pemerintah DKI Jakarta bapak Anies Baswedan, dan daerah lainnya seperti pak Ridwan Kamil bekerja dengan baik.<br><br>Pemimpin sejati muncul di saat musibah, bukan di saat NGUTANG!
2020-04-10T15:37:06Z;September;Dengan cara kerja pemerintah yang masih mengandalkan administrasi yang berbelit belit kita diketawaan sama corona, pemerintah dan seluruh rakyat indonesia ayo kita bersatu melawan corona, kalau tidak ini BOM MAUT buat bangsa kita??????????
2020-04-10T15:34:54Z;September;Saat corona ini selesai , anies yg bekerja keras, yg claim biasanya pemerintah pusat ??.
2020-04-10T15:32:59Z;September;Bukan hanya suka hutang, korupsi, soal penyakit saja kok di korupsi juga. Heran dengan rezim ini
2020-04-10T15:30:03Z;September;Intinya mah pemda udah jerit2, pempus sans2 aja
2020-04-10T15:28:45Z;September;Kesimpulanya,.. berawal dari kepemimpinan yang amatiran mau diteruskan juga bakal masuk paret, naik mobil masuk jurang, naik kapal karam dipulau reklamasi, naik pesawat kemudian meroket sampai terhempas...tul gak...bruakakakakakakakaka...
2020-04-10T15:27:28Z;September;Pemerintahan ini harus jujur mengakui ketinggalan jauh dengan kecepatan wabah corona, jadi tugas pemerintah biar bisa kita mengalahkan wabah corona pemerintah dan masyarakat indonesia harus mencari strategi dengan kecepatan yang tinggi, saran saya buat pak jokowi dana pemindahan ibukota ditunda dan dialihkan untuk menangani wabah ini, kalau dengan cara PSBB saya pesimis pemerintah bisa mengejar ketinggalan yang jauh, diperlukan pemimpin yang revolusioner????????
2020-04-10T15:26:13Z;September;Mbak najwa semakin cerdas dan peka terhadap problem sosial
2020-04-10T15:24:01Z;September;Darurat, tp birokrasi nya masih panjang. Darurat nya dmn?
2020-04-10T15:20:51Z;September;Saya masih kepikiran, kenapa rumah sakit khusus corona malah dibangun diluar episentrum virus ini, kok malah dibangung dipulau galang, riau kagak di jabodetabek kan episentrumnya disitu, jadi apakah akan sia sia bangun rumah sakit itu?
2020-04-10T15:20:33Z;September;Tidak di monetisasi. Salut tanpa iklan
2020-04-10T15:17:15Z;September;Udah jokowi mundur aja...  Lah..  Udah ngak becus menyelamatkan rakyatnya..
2020-04-10T15:14:51Z;September;Sikap dan perbuatan Pemimpin yg pas ditengah KEBHINIKAAN di NKRI ini
2020-04-10T15:13:12Z;September;Ditanya kemana jawabnya kemana~
2020-04-10T15:12:48Z;September;"hanya saran untuk negara kita, menurut saya hal paling efektif penanganan yg awal dr pemerintah kt, segerakan tim2 medis turun ke bawah utuk tes semua masarakat menyeluruh mengingat kt org tidak akan tau tertular atau tidak akan virus ini, jgn hanya menjaga ,membatasi, atau tunggu virus ini menyebar! Jd segerakan tes k seluruh masyarakat indonesia dari semua aspek, kunjungi &amp; jgn hy omung ini itu, tolong dr pihak yg berwenang agar kita tidak was-was sampe skrg ini!  terimakasih"
2020-04-10T15:09:40Z;September;Woooiiiii<br>Bersatulah mikirin warga, jangan sampai Corona mendekati Anda.
2020-04-10T15:04:08Z;September;Kualitas seorang pemimpin hanya bisa dilihat pada saat2 genting seperti ini.
2020-04-10T15:01:48Z;September;Zaman jokowi ini lah sy rasa presiden bukan pemimpin,tp sebagai legal saja,jd kayak negara ini dikelola event organizer,apa2 harus berkordinasi,pemimpin cuma sebagai legal akhirnya aja,harusnya inisiatitif datangnya dari pressiden krn dia yg tau tentang indonesia secara komplit,tp kenapa pada rezim ini brasa beda yah,
2020-04-10T15:01:26Z;September;Jokowi kalau gk mampu urus negara pliisss mundur sajalah. Sudah banyak korban slama dia memimpin indonesia.
2020-04-10T14:50:32Z;September;efek bekerja dgn senyap... ketiduran..
2020-04-10T14:50:24Z;September;"Tujuan ny bagus tapi terlambat <br>Covid19 sudah di mana&quot;"
2020-04-10T14:48:36Z;September;Kerja.. Kerja.. Kerja.. Ngerjain akhirnya
2020-04-10T14:45:38Z;September;Surat lg..surat lg.. maaf bkn nya ini jaman nya teknologi?bisa ga ya untuk urusan surat belakangan? Semoga Indonesia bisa melaluinya ^^<br>Amin...
2020-04-10T14:32:06Z;September;seharusnya melihat pengalaman di kota New York mengapa sekarang menjadi wuhannya Amerika. Dimana paling resiko penyebarannya?
2020-04-10T14:28:48Z;September;Gimana tidak berbelit,pemerintah aja mengaggap remeh covid 19.pas banyak Korban baru bergerak.sampai saat ini permintaan maaf dr pejabat yg menganggap remeh aja gak kedengeran,rasa malu sudah tidak ada lagi untuk pejabat skr
2020-04-10T14:26:25Z;September;Jangan salahkan jokowi tp salahkan mereka yg nyoblos si doi di pilpres.
2020-04-10T14:25:46Z;September;"Gak usah jauh2 coba cek kapasitas tes swab harian kita...dibanding sama malaysia bagaikan ferarri vs odong2 hahahahahah......<br>Krn mungkin &quot;mereka&quot; memilih mitigasi bukan supresi.....jadi pilihan herd immunity yg mungkin jadi tujuan akhirnya......moga2 saya salah....."
2020-04-10T14:25:39Z;September;1 KALIMAT SAJA<br>PRESIDEN DAN DPR MPR DPD GAGAL MELINDUNGI RAKYAT INDONESIA..
2020-04-10T14:21:14Z;September;ibarat logika perang.....saat ini musuh sdh msk ke dalam jantung pertahanan negara, dan sdh mulai menembaki dan membunuh rakyat sipil, sementara para tentara baru sadar kalo tentara musuh udh menyeruak masuk ke jantung pertahanan paling strategis, sayangnya tentara baru mau ber-siap2 menyiapkan senjata, rompi anti peluru, helm baja, ...<br>tentara yg sudah siap dgn perlengkapannya lsg terjun ke medan perang, sambil menyelamatkan warga sipil yg terluka dan mengevakuasi warga sipil yg terbunuh sembari terus memuntahkan peluru senjata di tangan untuk membunuh musuh....Panglima tertinggi Perang msh bingung apa yg hrs dilakukan, krn tanpa memberitahu ataupun tanpa tanda2 ... tentara musuh tiba2 sdh ada di wilayah jantung pertahanan negara yg ia pimpin...<br>dengan keadaan seperti ini...adakah strategi yg jitu utk mengalahkan lawan dan meminimalisir korban jiwa baik dari sipil maupun tentara...., disamping itu korban harta benda rakyat dan aset negara yg hancur tidak kalah banyaknya...???
2020-04-10T14:19:06Z;September;Kelihatan mana yg cerdas dan mana yg lemas
2020-04-10T14:18:50Z;September;Complex masalahnya, blunder regulasinya.
2020-04-10T14:18:38Z;September;PSBB dan Larangan mudik (berpergian), apakah hanya berlaku untuk kalangan menengah kebawah?<br>Kalau memang berlaku untuk semua kalangan tanpa memandang status sosial, kenapa bandaran soekarno dan halim masih ada penerbangan domestik baik itu dalam maupun luar negeri?
2020-04-10T14:13:39Z;September;Mungkin pemerintah jg bingung menghadapi karakter rakyatnya ,saya termasuk rakyat hehehe
2020-04-10T14:13:05Z;September;Kasihan banget pa Anies berjibaku dari awal tp yg dilakukan terbentur bnyak hal shg tidak berjalan sesuai dgn yg diharapkan
2020-04-10T14:12:12Z;September;Kalau saja dulu jakarta langsung di lockdown..<br>Orang yg terjangkit di Jakarta tidak bisa mudik.. setidaknya daerah daerah aman..<br>Yah.. berhubung semuanya sudah terjadi..<br>Sekarang mestinya kepala daerah seluruh Indonesia, kompak untuk memutuskan mata rantai penularan covid 19 ini.. dan pemerintah pusat, mesti bergerak cepat keluarkan keputusan jitu.. jangan sampai kasus covid 19 ini tembus angka 5000 kasus.
2020-04-10T14:09:47Z;September;Bulan Januari sudah diingatkan bahaya corona malah guyon, expor besar2an masker ke China, dongkrak wisatawan luar negeri, konyol.  Cukuuuup.. fix suruh saja si Anies handle masalah Corona, biar Joko fokus baca komik Doraemon.
2020-01-16T01:24:29Z;Maret;Ini akibt rvisi uud  kpk..<br>Sya ykin.kpk mkin Lmah.
2020-01-16T01:23:41Z;Maret;Sekarang yg berkelahi komisioner vs dewan pengawas. Keduanya KPK??????
2020-01-16T01:23:06Z;Maret;Aaah... kena penyakit apa ini KPK kita sekrg? Statement dewas dan pimpinan KPK saling menyalahkan.
2020-01-16T01:22:21Z;Maret;Kpk blum menggeledah kantor PDIP karena dia memberi waktu mengamankan barang bukti nnti kalau barang bukti sdh diamankan baru di geledah itulah penerapan undang2 kpk yg baru .
2020-01-16T01:20:01Z;Maret;Negeri ini diobok-obok oleh manusia2 yg serakah demi kepentingan perut segelintir orang,,,,,,udah ketebak dr awal pasti ada pernainan dibalik pemilu kemarin.....????
2020-01-16T01:19:27Z;Maret;Koruptor saya traktir kopi aja deh biar tidur pules
2020-01-16T01:19:16Z;Maret;KPK LUMPUH  .. KAKINYA SDH DI AMPUTASI
2020-01-16T01:18:54Z;Maret;Jahat sekali orang2 seperti kalian ini, rakyat hanya sebagai tu bal, rasakan lah balasannya nanti, hanya tunggu waktu saja
2020-01-16T01:18:13Z;Maret;Itu koruptor emang ngajuin ijin ke rakyat dulu kalo mau ngeruk uang negara?
2020-01-16T01:16:42Z;Maret;Sumpah sejak Jokowi mimpin koruptor makin marak
2020-01-16T01:15:41Z;Maret;Bau busuk akan tercium
2020-01-16T01:14:08Z;Maret;Makin ancur negara sejak si jae mimpin
2020-01-16T01:13:39Z;Maret;Rakyat mah bisa apa atuh...
2020-01-16T01:12:54Z;Maret;Tumpak hatarongan pangabean,di usia yang sudah senja,berbuat baiklah untuk negara,jangan menjilat penguasa.
2020-01-16T01:12:36Z;Maret;"Ber arti KpK blom menerima surat ijin pngeledahan dari pe&#39;ngawas sebab?<br>Klau surat ijinx sudah turun pasti KpK akan bergerak<br>Berhububgan surat ijinx blom turun KpK gbisa berkutik?<br>Sekarang terbukti/nyata apayang di kuwatirkan masayarakat degan adax badan pngawas KpK jadi lemah"
2020-01-16T01:12:20Z;Maret;Kemarin mahasiswa demo,katanya pasukan nasi bungkuslah,bayaran lah,<br>Sekarang mari sama sama merasakan kehancuran .
2020-01-16T01:10:42Z;Maret;Bukti pelemahan KPK... Fix KPK sakit... Ad penyakit yg menggerogoti KPK sekarang...<br><br>Ayo bongkar sarang tikus<br><br>Inilah akibat menambah birokrasi bknnya mlh Makin singkat Dan praktis... Adanya Dewan pengawan malah memperparah memperuwet birokrasi jadi terhambat pemeriksaan penggeledahan... Fix menjadi tembok penghalang... Skrg malah saling lempar...<br><br>Birokrasi macam apa
2020-01-16T01:09:29Z;Maret;Mba nana hebat berani tegas benar artinya pimpinan KPK blm ajukam izin! Ketuanya masih pejabat polri Susah kikuk jdnya! Apa yg dikuatirkan revisi UU KPK ternyata terbukti!
2020-01-16T01:09:20Z;Maret;"Rakyat: Ayo kita sukseskan Pemilu, jangan golput. Kita menentukan negara ini 5 tahun ke depan<br>PDIP+KPU: Ppppft, let them bubbling bullshit, let&#39;s do what we planned to do."
2020-01-16T01:09:13Z;Maret;"Begitulah politik , yang bikin UU tentu tidak ingin &quot;bunuh diri&quot; memperkuat lembaga yg jelas akan menggangu kepentingan pribadi atau partainya , kita boleh beropini tapi tidak boleh menuduh ??"
2020-01-16T01:07:17Z;Maret;"UU No 19 Tahun 2019 Jelas jelas sangat memandulkan KPK dikarena akan ada Mega Proyek Yaitu  Pemindahan  Ibukota Negara yang notabene akan mengahbiskan uang negara wabilkhusus uang rakyat Ratusan Triliun Rupiah bayangkan kalau di korupsi, mari kita sama sama bangsa Indonesia yang cinta Tanah Air Baik Petugas petugas pengguna anggaran dan vendor vendor proyek pemerintah jika ada yang ingin meminta minta &quot;FEE&quot; segera laporkan bukan hanya ke KPK kalau perlu ke Media Sosial Biar langsung ada HuKUM SOSIAL jangan takut dan janganp pandang bulu ingat kejahatan walau ditutupi akhirnya akan terbuka jua...Inga inga ada Yang Maha Tahu...."
2020-01-16T01:06:47Z;Maret;Udah keliatan kan itu bukan dewan pengawas KPK tapi dewan pengawas POLITIK.....pengawasan berkepentingan politik..
2020-01-16T01:04:35Z;Maret;sewa orang Luar ajaaaaaaa utk jadi petinggi2 di KPK...jangan pake orang lokal, kualitas,etika kerja,mentalnya kacangan
2020-01-16T01:02:30Z;Maret;"Nih opung gak berani bilang, he opung gw kasih tau lu kagak berani bilang justru makin berbahaya, kenapa? Opung udah ngelempar bola panas ke masyarakat, dan ini lebih berbahaya ketika masyarakat membuat opininya masing-masing. Bukankah ini lebih merugikan? Kecewa sumpah --&quot;"
2020-01-16T01:01:58Z;Maret;kpk dah mati percuma,bubarkan aja ngk ada fungsinya dengan angaran triliyunan uang rakyat yg dipakai menyedihkan ????
2020-01-16T01:00:13Z;Maret;Alhamdulillah pileg/pilkada tdk pernah memilih yg dari pdip..
2020-01-16T00:59:10Z;Maret;Revisi KPK. Malah tambah bermasalah<br>Mending revisi kinerja DPR yg bolos rapat dll... Yg sudah jls sangat bermasalah ??
2020-01-16T00:59:09Z;Maret;KPK cuma alat penguasa skarang
2020-01-16T00:57:33Z;Maret;Terbukti.. inilah yg sebnarnya yg di perjuangkan mahasiswa.. mahasiswa lebih jujur dari pada para penguasa
2020-01-16T00:57:06Z;Maret;Yg baju merah jangan sampe lolos..warkop DKI
2020-01-16T00:55:45Z;Maret;Alangkah baiknya KPK bubarkn saja, klo tdk berani
2020-01-16T00:55:44Z;Maret;yang bener yg mana..pikir sendiri
2020-01-16T00:55:19Z;Maret;Terlihat begitu bodoh dan mencoba membodohi rakyak ...
2020-01-16T00:55:15Z;Maret;Untuk KPK dan partai PDIP entah apa yang sedang kalian lakukan... <br>Tapi mbokya jangan seperti ini... <br>Ini Sungguh memalukan...<br>Dri jawaban opung yang saya tangkap adalah ketidak becusan dan ketidak seriusan antara pimpinan KPK dan Dewan pengawas...
2020-01-16T00:55:03Z;Maret;Bubarkan dewan pengawas,,loph u mbak najwa shihab??
2020-01-16T00:54:00Z;Maret;MAHASISWA mana nih? anak STM mana nih.... terbukti lemah sudah KPK
2020-01-16T00:53:41Z;Maret;Miris,.apa gunanya demokrasi,jika rakyat sampai dilarang untuk bertanya,se- diktator itukah? Rakyat masih waras,makanya bertanya,sebab itu tugas para wakil rakyat untuk menjawab...supaya rakyat tidak bingung dipilih lah para pemimpin,kalau pemimpin pun bingung,mau jadi apa masa depan rakyat nanti.rakyat memilih untuk harapan negara ini makin lebih baik...jangan salahkan rakyat kalau berfikir radikal,kalau para pemimpin pun mulai bingung menjawab pertanyaan rakyat. Kalau sakit,bilang sakit..jngn tunggu kronis hampir mati baru bicara... Y ALLAH,, tuhanku yg maha esa,, aku yakin pada janji-MU
2020-01-16T00:53:03Z;Maret;Hahaha. Ketauan permainan PDIP banyak koropsi dan kpk lemah bisa untuk bermusawerah. Sebelum.y
2020-01-16T00:51:21Z;Maret;mau polisi, dpr, kejaksaan, kpu, kpk, ahhh pada bengkok semua yang ada di pemerintahan,,
2020-01-16T00:51:10Z;Maret;Ribet harus minta izin terlebih dahulu kepada DeWas
2020-01-16T00:50:41Z;Maret;Dewas Muter2 komentarnya...
2020-01-16T00:50:36Z;Maret;Bubarkan KPK
2020-01-16T00:50:12Z;Maret;Yang membuat lemah kpk bukan dari dewas atau klompok lain. Yang melemahkan kpk adalah dari oknum kpk itu sendiri.
2020-01-16T00:50:11Z;Maret;Mau ngegeledah aja susah ,,, keburu barbuk nya di amanin sama para koruptor dong.<br><br>Terlihat sdh bahwa uu kpk hanya utk melindungi para koruptor.
2020-01-16T00:46:42Z;Maret;Kira2 Rakyat memilih mbak Najwa d gandeng Sm bung Rocky Jadi Pemimpin Negara ini bagaimana??? Mau apa tidak???<br>Masyarakat Dan Rakyat Yg Setuju Like.
2020-01-16T00:46:28Z;Maret;Ketuanya aja kayak gini gimana anggota nya
2020-01-16T00:46:03Z;Maret;Ini semua efek dri KETIDAK TEGASAN  ?
2020-01-16T00:45:48Z;Maret;Ah sudah lah.. <br>Kami pesimis dg pemberantasan korupsi di republik ini...
2020-01-16T00:44:06Z;Maret;OPUNG MAU OBAT KUAT GAK..<br>BIAR TAMBAH KUAT NGOTOT NYA.<br><br>SEMOGA KPK SEMAKIN BAIK DI DALAM KINERJA NYA. TERUSLAH BERANTAS.. TIKUS NYA.
2020-01-16T00:44:05Z;Maret;"gini gini ya.. saya ga paham hukum.. tapi bagi saya yg masyarakat biasa.. pandangan saya seperti ini &quot;GLEDAH SAJA SAYA! SAYA GA BERSALAH KOK!&quot; coba PDI seperti itu.. toh itu membuktikan bahwa PDI bersih kan? kita buka-bukaan saja lah, gak usah pakai aturan dulu.. tapi mulailah dengan HATI NURANI.. semangat untuk semua POLITIKUS INDONESIA untuk menjadi LEBIH BAIK LAGI!"
2020-01-16T00:42:00Z;Maret;Tidak hadir nya para pimpinan KPK di mata najwa,, membuat kami rakyat bertanya-tanya
2020-01-16T00:38:08Z;Maret;Kpk mnurut ku ada udang di balik batu. Coba anda lihat kenpa kasus mega korupsi yang udab ktahuan ada bukti gak di buka lagi.. Bhkan yg baru ini jiwaserya sam asbri diem aja kpk..
2020-01-16T00:36:27Z;Maret;Sia-sia gue ikut Pemilu eh KPU nya di suap sama PDIP
2020-01-16T00:34:12Z;Maret;Indonesia surganya para koruptor.
2020-01-16T00:33:23Z;Maret;Pak baju biru, sudah tua pak..mendingan cari amal atau pahala buat masa kekal nanti..nda usah ngotot pak kenikmatan dunia hanya sementara pak !
2020-01-16T00:33:13Z;Maret;KPK ungkap bahwa belum memberi ijjin, eh ternyata beluum minta Ijin ??, kayaknya KPK ingin menyudutkan dewan Pengawas. ??????
2020-01-16T00:32:35Z;Maret;"Bahkan Pimpinan KPK sekalipun batal &#39;berani&#39; menghadapi mbak nana.."
2020-01-16T00:32:33Z;Maret;Turunkan Pemimpin KPK
2020-01-16T00:32:32Z;Maret;Semacam gak sinkron aja antara dewas dan kpk sendiri ?? apakah dewas dan kpk itu sendiri berbeda persepsi dalam memberantas korupsi ataukah ada kepentingan lain ?
2020-01-16T00:32:15Z;Maret;Demo demo
2020-01-16T00:31:40Z;Maret;KPK sekarang keliatan banget melemahnya dan kurang transparan ke publik. Dulu2 klo diundang media, mereka dengan lugas menjelaskan masalah. Klo ada orang politik nuduh aneh pasti dibantah dengan argumen logis. Sekarang keliatan banget tertutup banget. payah dah!
2020-01-16T00:31:18Z;Maret;Udah gk usah di geledah barang bukti udh di hilangin.
2020-01-16T00:30:27Z;Maret;Yang salah presiden nya! Yg setujui UU KPK dirubah. Jadinya ribet gini..
2020-01-16T00:28:28Z;Maret;Ternyata strategi pelemahan bukan dari dewas, tp dari pimpinan KPK nya.. paham-paham..
2020-01-16T00:28:16Z;Maret;Ayo mahasiswa kita sayembara cari pinokio di negeri ini .kalau tertangkap potong hidungnya ganti moncong banteng
2020-01-16T00:27:58Z;Maret;Apa di UU baru ini setiap tahapan kerja KPK harus dapat izin dulu dari dewas?
2020-01-16T00:27:31Z;Maret;Ketu dewasnya berkelit mulu jadi gregetan...
2020-01-16T00:27:12Z;Maret;Yg mengusulkan KPK itu PDIP yang nuntup juga nanti PDIP liat dah
2020-01-16T00:25:32Z;Maret;sebagai dewas, tidak butuh nama besar, usia tua lah dan tekanan dari yang pilih (atau sekitar) yang kemudian malah membuat kpk jadi lembek
2020-01-16T00:24:43Z;Maret;"Dari penjelasan Pak Tumpak, bisa disimpulkan :<br>Kemungkinannya ada 3: (a) tidak ada pengajuan izin, (b) ada izin diajukan tapi ditolak atau (c) ada izin dan diterima. Kemungkinan (c) sudah tidak mungkin, sehingga cuma ada 2 kemungkinan. Keduanya punya konsekuensi: <br>1. jika tidak ada pengajuan izin tapi melakukan penggeledahan, maka ini artinya memang &quot;pengawasan&quot; terhadap org2 KPK sangat lemah sehingga terkesan &quot;semaunya&quot;.<br>2. jika ada izin diajukan tapi ditolak, namun faktanya penggeledahan tetap dilakukan. Ini artinya bahwa ternyata penyelidik KPK memang kurang bisa &quot;dikontrol&quot;. <br><br>Jadi benar kata beberapa politisi bahwa ada persoalan besar dalam tubuh KPK, sehingga perlu Dewas."
2020-01-16T00:23:15Z;Maret;bukan kah KPK itu perangkat negara untuk mengawasi pemerintah?<br>kenapa pemerintah yang mengesahkan dan mengawasi perangkat negara?<br>lalu apa beda negara dengan pemerintah?<br>saya bingung dengan indonesia ini
2020-01-16T00:22:36Z;Maret;Ternyata yg busuk kpk nya bukan dewasnya
2020-01-16T00:21:16Z;Maret;usia dewas semua usia tua, sudah masa super hati2 dalam berkata dan bertindak, jadi sangat tidak efektif, dan kpk yakin lemah...
2020-01-16T00:20:27Z;Maret;Ah kebanyakan retorika nih opung dewas. Dengan kejadian kasus PDIP ft. KPU ini, keberadaan dewas jelas menghambat KPK dan proses pemberantasan korupsi. Ah ironis Republik +62, banyak lelucon politique.
2020-01-16T00:19:10Z;Maret;Ni yg namanya penguatan kpk<br>Main salah salahan kan????<br><br>Ketua kpk nya blum.pernah nongol d tv pasca pelantikan
2020-01-16T00:17:52Z;Maret;Salahsatu Permain Watak dlm Dagelan Politik  ... sdg dipermalukan dlm Acara ini  !!
2020-01-16T00:16:56Z;Maret;Cuma di negri ini tersangka korupsi masih bisa tersenyum dan tertawa ketika kena ott
2020-01-16T00:16:02Z;Maret;Masa mau ngegrebek minta izin dulu keburu dibakar tuh barang bukti haduhh opung opung mendingan udeh nikmatin hari tua aja sambil nnton tv dirmh ancur kpk aneh bnget mau geledah aja minta izin berbulan bulann sama mak banteng terbukti skarang siapa yg curang
2020-01-16T00:14:57Z;Maret;bibarkan saja dewas gk efektif bikin pembengkaan biaya saja
2020-01-16T00:14:04Z;Maret;Banyak faktor Indonesia maju. Birokrasi sampai sosio ekonomi.. Tapi semua itu akan tersendat kalo msh banyak tikus yg berkeliaran. Dan Petugas KPK juga harus Independen dalam menangani suatu perkara.. Jangan tebang pilih subjeknya....
2020-01-16T00:13:05Z;Maret;Berbelit2 urusannya...
2020-01-16T00:12:35Z;Maret;Ini bhs politis...dewas dgn pimp KPK saling lmpar
2020-01-16T00:12:07Z;Maret;Cuma satu untuk sekarang hanya berdoa semoga yg tidak lurus cepat kembali ke pangkuan Sang Pencipta, di era ini logika berfikir lurus tidak pernah bisa dilaksanakan, cape
2020-01-16T00:10:06Z;Maret;ancur aja lah indonesia ini skalian ??
2020-01-16T00:08:21Z;Maret;Ayo mbk najwa cecar trus biar ketahuan busuk nya para elit koruptor ....
2020-01-16T00:06:24Z;Maret;KPK makin melemah tak berdaya dihimpit kelompok koruptor penguasa, <br>????????????????????
2020-01-16T00:04:53Z;Maret;Bukti KPK cengeng, UU KPK lama atau baru,itu sama tidak berubah
2020-01-16T00:00:11Z;Maret;Ini konteks vital kenapa ngundang yang dah tua kek gini sih, muter doang yang ada. Buang buang waktu.
2020-01-15T23:59:49Z;Maret;Ya  itu untuk  iklan lah.wartawan butuh korannya laku.
2020-01-15T23:56:52Z;Maret;Ini dewan pengawas koq cara ngomongnya kurang meyakinkan.
2020-01-15T23:55:27Z;Maret;Gue yakin nggak bakalan ada yang demo kalau melihat situasi seperti ini mau demo apa coba nggak akan didengar lah pemerintah dan DPR udah dikuasai sama mereka
2020-01-15T23:51:52Z;Maret;PDIP partai terkorup bicara soal pancasila
2020-01-15T23:51:13Z;Maret;Mari turunkan aja rezim ni banyak koruptor
2020-01-15T23:50:49Z;Maret;nah ini, memang inilah yang dikeluhkan dulunya bahwa ada oknum KPK secara disengaja atau tidak melanggar kode etik... mestinya rahasia dibocorkan sedikit melalui entahlah
2020-01-15T23:48:07Z;Maret;semisal kalo gue jadi mbak najwa gue jitak ni orang tua ..ketemu kok di telfon ?
2020-01-15T23:46:58Z;Maret;Kenapa pimpinan KPK tidak mau datang?
2020-01-15T23:46:51Z;Maret;Karena sdh lbh dari 1x24 jam, itu artinya sdh tidak diberi izin? Karena menyangkut partai penguasa? Yang harus najwa perdalsm adalah nyali dewas
2020-01-15T23:46:24Z;Maret;Jng sampai lama2 nanti pemilu nanti tdk ada yg ikut krn orang akan semakin Apatis dengan dunia politik.
2020-01-15T23:46:06Z;Maret;KPK sekarang lemah sekali. Ditambah pimpinan kpk yang kurang meyakinkan, revisi uu kpk juga bikin makin tidak berdaya, lalu yang terakhir dewan pengawas yang fungsinya hanya menghambat kpk.
2020-01-15T23:45:59Z;Maret;Ngomongnya muter² tok cuk, dewas kok gobl*knya kebangetan. ASOE
2020-01-15T23:42:20Z;Maret;Cukup lapor ketuanya aja knp
2020-01-15T23:41:48Z;Maret;Mahasiswa demonya tanggung...
2020-01-15T23:41:01Z;Maret;Dewas melemparkan bahasa persepsi k publik, bahaya bos...
2020-01-15T23:36:51Z;Maret;Hadeh... sdh di lewati brp episode ya berita ttg banjir tidak di liput mbak najwa...   kok di lewatin trs si mbak... ayo undang duduk 1 meja... anies , mentri basuki, pengamat lingkungan. Masa kalah sama gus hotman
2020-01-15T23:36:14Z;Maret;Alasan klasik
2020-01-15T23:35:22Z;Maret;Sebaiknya, KPK , dibubarkan , penanganan KKN  diserahkan ke Kepolisian ,,  ( sayang uang anggaran KPK , mending ntuk bantu warga miskin , )
2020-01-15T23:28:33Z;Maret;Pung pung. Masyarakat tidak bodoh. Kami bahkan bisa lebih cermat menyikapi perkataan opung. Ada yg disembunyikan sama dengan belum atau tidak diberikannya izin. Simple af lah yak
2020-01-15T23:25:36Z;Maret;Nonton ini pas masih 2 views tapi baru komentar sekarang karena baru kelar nonton. Sepertinya pertanyaan Ompung Tumpak muter-muter, ya kelihatan sekali bahwa sebenarnya Dewas justru menghambat penyelidikan di Kantor PDIP.
2020-01-15T23:25:22Z;Maret;"Belum ada kejelasan pada dewan pengasas &amp; pimpinan kpk. Padahal kpk sendiri menganut asas keterbukaan dan kepastian hukum"
2020-01-15T23:24:49Z;Maret;Tak terhitung kasus2 hukum di Indonesia ini justru di dominasi dan di monopoli oleh lingkaran orang-orang yang korupsi. Menyedihkan sekali, ya Allah sampai kapan Indonesia ini tuntas dari masalah2 dan kasus2 hukum dari segala bentuk korupsi...?? <br><br>Rezim Seharto sudah puluhan tahun lamanya masih menularkan penyakit kronis dan kotornya dengan korupsi terhadap pejabat2 bangsa ini. ??
2020-01-15T23:19:20Z;Maret;Masa kita harus demo lagi kasihan kan rakyat yang turun di jalan
2020-01-15T23:18:17Z;Maret;Enaknya koruptor sekarang mau digeledah masih ada waktu buat bersih bersih a*u!
2020-01-15T23:18:16Z;Maret;Dibentuknya ini menjadi kekhawatiran terbesar kita akan dihambatnya kpk
2020-01-15T23:18:05Z;Maret;Thanks to UU No.19 tahun lalu,sekarang KPK jadi lembek dan diperlembek
2020-01-15T23:17:54Z;Maret;Mahasiswa kmarin kmana ya?
2020-01-15T23:16:35Z;Maret;Revisi nya udah terbukti bikin lemah KPK<br>Pimpinan KPK dari latar belakangnya kan emang bermasalah? di tunjuk DPR pula ??<br><br>sekarang gw yakin, ketua KPK yg sekarang beneran org ga beres
2020-01-15T23:13:18Z;Maret;Jelas bahwa DEWAN PENGAWAS menghambat KPK
2020-01-15T23:12:47Z;Maret;Sebenarnya dia keberatan dengan sistem baru tapi dengan terus berusaha menutupi itu semua mungkin ada maksd dan tujuan tapi entahlah. Itulah yang tergambar dari pembicaraan mbak nana dan perwakilan dewas dari kpk.
2020-01-15T23:09:56Z;Maret;Ayo mahasiswa demo lagi, sekarang terbukti kalian benar!!
2020-01-15T23:01:51Z;Maret;Bukti UU no 19 tahun 2019 melemahkan KPK, melemahkan pemberantasan korupsi!
2020-01-16T02:33:03Z;Maret;Dewan pengawas memang tidak memper Sulit.. Tapi Undang - Undang nya membuat KPK lemah....
2020-01-16T02:32:29Z;Maret;bahasa nya ngambang, bersayap dan multi tafsir, ini kah kualitas dewan pengawas KPK? yang jelas kegagalan KPK menggeledah kantor PDIP adalah sebuah kesalahan fatal. karena apa? karena sangat berpotensi kehilangan barang bukti. jangan salahkan orang lain jika orang berpendapat atau berprasangka buruk kepada KPK, DPR dan pemerintah. karena kalian membuat situasi dan keadaan menjadi abu-abu dan kabur sehingga membuat kami rakyat Indonesia kesulitan menilai kinerja kalian.
2020-01-16T02:32:22Z;Maret;Berikan aja tugas KPK itu pada badan pengawas supaya segala urusan cepat selesai, dan mundur ajalah semua KPK .
2020-01-16T02:31:54Z;Maret;KPK di dirikan untuk membrantaz korupsi.Tapi untuk membrantaz korupsi kudu ijin.Padahal yg korupsi gax perlu ijin.membrantas korupsi ko tambah ribet.Seharus nya KPK di permudah untuk membrantas korupsi.
2020-01-16T02:31:37Z;Maret;DAGELAN SEMUA.<br>Mana mungkinlah dewan pengawas memberi izin, karna yang menunjuk dewan pengawas adalah Presiden dan yg akan diperiksa adalah Partainya Penguasa PDI.<br><br>TUMPAK INI ADALAH PETUGAS YG DITUNJUK JOKOWIE... DAGELAN SEMUA...
2020-01-16T02:29:56Z;Maret;Masarakt sudah cerdas opong jngn jdi pnghalang KPK<br>Ingt ank cucu cicit kita pingin hidup damai di indonesia
2020-01-16T02:29:14Z;Maret;Mutar terus , belum ada izin presiden dan mega  , rakyat dibohongi terus
2020-01-16T02:28:50Z;Maret;Saya ngga tau dari sd paling benci sama PDIP dan saya bersyukur membencinya sampai sekarang
2020-01-16T02:27:58Z;Maret;udah pak maen ama cucu aja nggak usah maen2 politik
2020-01-16T02:26:21Z;Maret;Bginilh negra sya saat ini sngt mmprihtinkn, kmu pjbt pmrinth sya pilih utk mmbela rkyat mnsejhterkn rkyat tpi apa yg trjdi skrang, pncuri2 / pmbohng berdsi, mulutmu mnis saat janji2 pd  rkyat msa pmilu tpi htimu busuk d blik itu. pnghiant kpercyaan rkyat smoga kmu   d adzab Allah krena mkan mmbohngi uang rkyt berjuta  juta orng brapa besar dosmu klau kmu orng islam,  tpi d Indonesia ini bnyk Islam KTPnya sja tpi khidupnnya prilkunya mcam org brat bukn Islam. Naudzubillh smoga Allah mmakmurkn Indonesia. Amiiiiin.....
2020-01-16T02:25:56Z;Maret;Kalau ada izin, 1 x 24 jam pasti akan diproses. Menarikk mari kita bedah.<br><br>Jika izin sudah masuk, kemungkinan akan disetujui atau tidak disetujui<br><br>Jika izin belum masuk maka pasti tidak akan disetujui<br><br>Jadi penggeledahan tidak terjadi karena 2 kemungkinan, izin tidak masuk atau izin tidak disetujui.<br>Kira2 kemungkinan yang mana ya??
2020-01-16T02:25:33Z;Maret;Kalau nungguin di kasih ijin ya keburu di buang tu barang bukti
2020-01-16T02:23:23Z;Maret;Yg pasti dan terbukti kalo kpk  sudah lemah... sudah diduga sebelumnya.. bakal lempar tznggung  tanggung jawab...antara dewas dgn komisioner kpk.. sukses pdi dan korupto2nya
2020-01-16T02:22:40Z;Maret;Wek wek wek wek...Nazwa di lawan....  Benar-benar menghambat kerja KPK
2020-01-16T02:22:08Z;Maret;Aduh dewan pengawas KPK Kenapa boomer semua jago jaga diri ketika dipojokkan
2020-01-16T02:21:59Z;Maret;NKRI HARGA MAMPUS ,KPK JUGA PERLAHAN DI BIKIN MAMPUS
2020-01-16T02:21:21Z;Maret;Ijin dulu donk kalau mau korupsi,rakyat sdh pintar jaman now yg mana melemahkan KPK,panggung sandiwara
2020-01-16T02:21:03Z;Maret;Keras mbak nana.... Biasa ada udang dibalik batu... Jika tidak disetrum airnya gak bakal keluar/mati hehehhee ...mantaaaan
2020-01-16T02:20:55Z;Maret;Masak mau nangkap maling harus izin dulu.. <br>Hahaha.. <br>Lebih mulia maling uang rakyat dari maling ayam lagi.. <br>Klu maling ayam langsung di gebukin warga.. <br>Nih maling uang rakyat sampai ratusan milyar kok minta izin dulu.. <br>Nasib negara ku sekarang miris.. <br>Karna isi nya penuh penghianat dan maling uang rakyat..
2020-01-16T02:20:36Z;Maret;Kenapa mahasiswa tidak di demo lagi sampai presiden menyetujui uud sudah melemahkan KPK dan sekarang sudah terbukti melemahkan. Disini jelas presiden yang menyutujui UUD yang direvisini dan akan menjadi sejarah sepanjang masa bahwa pemerintah sekarang yang ikut melemahkan KPK
2020-01-16T02:20:33Z;Maret;Kpk sekarang tertutup
2020-01-16T02:20:31Z;Maret;Hahaha ijinnya aja belum diajukan oleh kpk, makanya ketua kpk g mau datang semua ke mata najwa. Kpk sengaja membuat narasi bahwa dewan pengawas g mau memberi ijin
2020-01-16T02:19:20Z;Maret;Klo bisa dipersulit, kenapa dipermudah!.. Berak!.
2020-01-16T02:19:04Z;Maret;KPU bisa digeledah, kenapa PDIP gak bisa?
2020-01-16T02:18:51Z;Maret;Keinginan masyarakat hanya koruptor dihukum berat. Kenapa serumit ini sih ?
2020-01-16T02:18:51Z;Maret;Tragis melihat Johan Budi.... Dulu dia idolaku waktu di KPK.... Tenang ..kalem dan grasak geruduk dlm menjawab tudingan. Tp sekarang 180 derajat berubah mulai dari sikap dan gaya bicaranya udh spt Ruhut... Ternyata jas merah yg ada lambang ganteng nya  bisa merubah segalanya.
2020-01-16T02:18:13Z;Maret;"&quot;kekuasan sudah absolut.&quot; - 2020"
2020-01-16T02:17:49Z;Maret;Kalau bersih kenapa harus risih
2020-01-16T02:17:39Z;Maret;Ini jelas dampak revisi UU KPK, borok banget rezim ini, Hasto tangkap, partai yg pro koruptor sdh jelas
2020-01-16T02:17:28Z;Maret;Mencermati mekanisme administrasi yg dilakukan PDIP ke MA hemat sy tdk ada yg salah... namun jika ada ruang gelap yg dimanfaatkan oleh personal maka inilah yg salah.... sehingga media tak bijak jika mengeneralisasi masalah agar semua pihak sebagai Turut Serta....
2020-01-16T02:16:32Z;Maret;Kpk makin lemah
2020-01-16T02:16:31Z;Maret;Yg saya tangkap Dewan pengawas belum keluarkan ijin u/ partai penguasa. Saya semakin muak dg korupsi yang menggerus keringat rakyat. Negara yang rugi rakyat yang diperas.
2020-01-16T02:15:53Z;Maret;Bagaimana kalau kita gulingkan DPR MPR. Sudah tidak guna Parpol. Dan menuntut BUBARKAN partai Politik. Duri dalam daging saja mereka
2020-01-16T02:15:32Z;Maret;malu tu orang tua melengos melengos pak.kau dah TUA KERJA YG JUJUR kuburan udah di kaki
2020-01-16T02:13:44Z;Maret;Dewas d tunjuk oleh persiden,Maling nya anak buah nya persiden semua...ha ha ha...
2020-01-16T02:13:31Z;Maret;Dilemahkan lebih baik dibubarkan saja. <br>Biar yg ga edan ora keduman.
2020-01-16T02:13:28Z;Maret;Kalau manusia yg kebanyakan titel kebanyakan kalau bicara selalu berbelit2 kayak kayak orang yg berak mencret,,,! ????????
2020-01-16T02:11:23Z;Maret;Negara indonesia di tebus dengan darah para pahlawan,,kenapa jadi begini miris sekali..
2020-01-16T02:11:01Z;Maret;Oknum2 KPK dan Oknum2 Parpol seperti main dagelan??
2020-01-16T02:10:28Z;Maret;penguasa ingin mentumpulkan KPK sejak awal, mereka takut mkanx sgala daya  apapun mereka ingin supaya KPK tidak tegas hayu KPK KAU NYAWA RAKYAT INDONESIA
2020-01-16T02:09:49Z;Maret;Bukannya belum mengajukan. Bisa jadi sudah diajukan tetapi tidak diijinkan oleh dewan pengawas. Makanya sampai saat ini belum ada penggeledahan di kantor DPP PDI
2020-01-16T02:08:36Z;Maret;MEREKA SEMUAAAAAA SUDAH MASUK D LINGKARAN IBLIS2...
2020-01-16T02:08:19Z;Maret;"&quot;1x24 jam dewas berkomitmen pasti akan merespon permintaan izin dari KPK, baik itu memberikan atau tidak memberikan&quot;<br><br>Penafsiran Najwa: Pimpinan KPK belum mengajukan izin kepada dewas.<br>Penafsiran saya: Dewas tidak mengizinkan KPK, entah apa alasannya."
2020-01-16T02:07:56Z;Maret;Sengaja di lemahkan Pemerintah..., utk menutupi Kasus Pemilu...<br>Yg kedua PDIP itu dari dulu memang Sarangnya Koruptor yg Berkedok Pancasila...
2020-01-16T02:07:45Z;Maret;Ketua DEWAS..KELIHATAN..KETAKUTAN JABATANYA HILAAANG..BILAAA TIDAK NURUT SAMA APA YG D MNTA DRI PARTAI PDIP
2020-01-16T02:07:29Z;Maret;BERARTI TIDAK DI KASI IJIN.
2020-01-16T02:06:40Z;Maret;Sudah tahu lah,,apapun omongannya toh jalurnya juga sudah faham kemana. Gk mungkin yg dilantik melawan yg melantik !! Dari sini faham kan ?
2020-01-16T02:06:20Z;Maret;Yg pantes jdi pimpinan KPK mba nana bukanya mas firly
2020-01-16T02:06:02Z;Maret;Kenapa dwan pngawas tidak mebri ijin.prtanyaan sedrhana ya.trnyata jawabannya tidak sesedrhana yg q bayangkan.<br>Adoooh jawabannya sprti maling ketangkap basah tapi  gk mau ngaku.
2020-01-16T02:05:28Z;Maret;Muter2 jawaban ny, gk profesional. Klo orang baik sekalian masih mkan gaji dari rakyat, otomatis bisa terjerumus. Klo belom ngasih izin ya bilang aja belom. Klo uda ada izin bilang uda ada. Ini orang macam gk sekolah. Bnyak alibi.
2020-01-16T02:05:25Z;Maret;Ngomong bau mulut lo<br>Buktikan kpk sekarang lemah<br>Pantesan saja kpk lemah<br>Orang pengawas nya dipilih jokowi<br>Sedangkan jokowi mamang mau melemahkan kpk<br>Karna kpk dianggap menghambat inpestasi<br>Bubarkan saja ini dewas<br>Dewas ini bamgsat pelemah kpk
2020-01-16T02:05:10Z;Maret;Gimana mau bekerja efektif,dewas ditjnjuk dan diangkat oleh presiden,gmn dewas mau bekerja efektiv kl yg mau ditindak org2nya presiden...???
2020-01-16T02:04:58Z;Maret;Politikus kalo jujur gak bernama pokitikus, tapi pengabdi rakyat,
2020-01-16T02:03:44Z;Maret;pengorbanan  yg sia2 harta tenaga bahkan nyawa oleh mahasiswa tidak dihargai oleh penguasa
2020-01-16T02:01:44Z;Maret;JUDULNYA MENGERIKAN,  MAU AMBIL TELOR DI KANDANG HARIMAU.
2020-01-16T02:00:31Z;Maret;Berarti ngga di kasih ijin atau blm minta ijin? ??????
2020-01-16T01:58:54Z;Maret;Iya gak berani ngasih ijin biar dihapus BBnya, soalnya partai yang berkuasa dan petugas partainya banyak yang jadi petinggi di negara ini
2020-01-16T01:58:46Z;Maret;Klo korupsi bagi² donk ??????
2020-01-16T01:58:28Z;Maret;Jawabannya muter muter kayak moto GP
2020-01-16T01:57:42Z;Maret;Emang borok nya di orang parpol..
2020-01-16T01:56:25Z;Maret;Biasanya di mata najwa ini sarangnya pendukung pemerintah brkomentar,, kok sekarg udh brbalik ya... Hehehe
2020-01-16T01:55:59Z;Maret;"<b>Kalau ada permintaan izin maka Dewas &quot;bisa memberikan izin&quot; atau &quot;bisa tidak memberikan izin&quot; Dewan pengawas kpk itu bukan nanusia separuh Dewa, tp mereka manusia separuh boneka</b><br>??????"
2020-01-16T01:55:07Z;Maret;??????<br>Jangan bermain kata donk.<br>Akui aja tidak mau patuh hukum
2020-01-16T01:54:01Z;Maret;Lah wong dewan pengawas nya orang titipan partai gimana mau fair
2020-01-16T01:53:29Z;Maret;gak peduli partai apapun,kalo liat duit rakusnya kambuh.<br>semoga PSI ttp amanah dan anti korupsi
2020-01-16T01:52:39Z;Maret;makin tinggi pohon makin tinggi pula guncangan...lawan politik pdip memanfaatkan isue ini utk melemahkannya.... PDIP partai yg menjunjung bhinneka tunggal ika...semoga tetap kuat...mendukung anti korupsi dan berjaya lagi 2024..
2020-01-16T01:51:44Z;Maret;ka Najwa, saya amati KPK tidak gagal dalam bekerja tapi saya lihat Dewan Pengawas akan tebang pilih buat izin yg akan diberi dikarenakan mereka di Pilih oleh mayoritas penguasa pemerintahan.
2020-01-16T01:51:38Z;Maret;Pelemahan kpk terbukti,bb ott bisa hilang
2020-01-16T01:50:33Z;Maret;Kelihatan sekali tampang dewas ini munafik tidak mendukung kpk malah mendukung pdip
2020-01-16T01:50:15Z;Maret;Klo urusan suap menyuap.gk jdi masalah buat gue mh.itu kn uang nya sndiri.tapi klo korup uang rakyat uang negara sprti contoh yg ada di BUMN saya kutuk PDIP smoga sukses sllu dan presiden Jokowi smoga jdi pmimpin negri ini seumur hidup.amiiinnn
2020-01-16T01:49:18Z;Maret;saya yakin KPK sekarang kuat dan garang, tapi hanya lemah kepada partai tertentu
2020-01-16T01:49:15Z;Maret;ketika ucapan dan dan fakta tidak sinkron....sangat pede untuk berbicara ketidakbenaran
2020-01-16T01:48:22Z;Maret;dewan pengawas di tunjuk sama presiden, ya ga bakalan dikasih ijin lah
2020-01-16T01:47:30Z;Maret;Selamat! Kalian mengunduh dari siapa yg kalian pilih, bandit-bandit itu.
2020-01-16T01:47:21Z;Maret;Ga mungkin lah KPK belom ajuin!!!<br><br>Keliatanlah dari gaya bahasanya Tumpak ,,hahaa
2020-01-16T01:46:53Z;Maret;Bubarkan Dewan Pengawas KPK karena menghambat kinerja KPK ini lah yg memboroskan ANGGARAN NEGARA kerja nya cuma melindungi PARTAI TERKORUP dengan berbagai cara. Kita tidak heran karena yg terkena OTT PARTAI TERKORUP pasti semua INSTITUSI akan menghambat,makanya dari PEJABAT sampai Presiden pasti  tertular penyakit TOGOG.
2020-01-16T02:36:03Z;Maret;"Setelah berdirinya kpk korupsi masih sering terjadi.Percuma ada KPK mending yg korupsi hukum mati jadi yg lum korupsi takut korupsi.KPK bubarkan saja.Dana kpk kita alihkan ke TNI AL untuk membeli kapal permuka&#39;an cangih dngan rudal2 berpresisi tinggi di kirim ke NATUNA"
2020-10-10T13:32:44Z;Maret;INDONESIA SANGAT SEDANG BENAR BENAR BANGET  TIDAK BAIK BAIK SAJA
2020-10-10T13:15:38Z;Maret;Ini corona di manaa??????  semua karyawan  mengeluh cuti harus sweb kah yang rapid kah . Serba susah mau cuti .  Dan sekarang ini di mana corona di manaa??
2020-10-10T12:54:10Z;Maret;BUBARKAN DPR ( DEWAN PENGHIANAT RAKYAT(
2020-10-10T12:53:14Z;Maret;Nga ada korona kalo ada kaktu demo nga pake masker nga ada yang sakit kecuali sakit dipukulin polisi
2020-10-10T12:51:37Z;Maret;DPR mengutamakan kualisi, ketimbang solusi
2020-10-10T12:45:04Z;Maret;Saya akan selalu mendoakan mba nana untuk jalan yg terbaik.maju mba jgn kedor untuk mengritik penjahat penindas rakyat
2020-10-10T12:40:09Z;Maret;DPR dan P  harus sekolah TKA lagi biyar belajar mikir dan menulis yang benar biyar ngabil keputusan dan rancangan gk asal asalan.
2020-10-10T12:29:21Z;Maret;"SANGAT BENAR PAK SBY..&quot; JANGAN BILANG &quot; APA YG NEGARA BERIKAN PADA KITA...TETAPI BERKATALAH...APA YANG AKAN KITA BERIKAN PADA NEGARA KITA &quot; ..P.SBY????????????"
2020-10-10T12:13:54Z;Maret;Mantap puan hadapi tantangan,  pertahankan bila ada kebaikannya demi bamgsa dan pencari kerja
2020-10-10T12:09:10Z;Maret;Kulihat negeri ini sedang menangis dan besusah hati.<br>Melihat para pemimpin seperti musuh rakyat.
2020-10-10T12:08:44Z;Maret;Ingatkan mba org org yg di butakan sma jabatan,,,klu ga mampu mengurus negara suruh jadi kuli bngunan ajj????
2020-10-10T12:00:19Z;Maret;Kalo mgomong soal anggota dewan maaf kalo boleh jujur di hati saya hanya ada 1 kata yaitu KORUPTOR...
2020-10-10T12:00:12Z;Maret;Mantap,seharusnya dalam keadaan sekarang ini,sebaiknya Kita semua harus fokus untuk menangani Covid 19 ini,bukanya bikin ulah.
2020-10-10T11:54:15Z;Maret;Ingat kata kata gusdur dpr seperti anak tk mungkin sudah saatnya dibubarkan seperti anak anak taman kanak kanak main makan be ol kentut tidur molor modol mbadog
2020-10-10T11:53:36Z;Maret;Calon presiden wanita hebat Indonesia sejah tera
2020-10-10T11:53:05Z;Maret;Profokator,cuihhhh
2020-10-10T11:52:16Z;Maret;kalau di ml ibarat :DPR VS AI  <br>DPR hyper vs masyarakat nob hikkss <br>sanss
2020-10-10T11:52:06Z;Maret;Klu kak natjua yg komen atau kritik, pasti aman, coba kita2 rakyat biasa2 aja. Pasti langsung di bungkam atay apa pun itu, tetap lanjutkan kak natjua, negara ini butuh2 kritikus yg netral. Tanpa pandang bulu atau berat sebelah, sehat selalu kak natjua
2020-10-10T11:51:11Z;Maret;DPR lbh prioritas mmperkaya diri dgn cara korupsi,demi utk mngembalikan modal di kala mncari suara,persyetan dgn suara rakyat yg penting modal kembali dan dpt untung byk buat modal kawin lg....DPR ( DEWAN PENGKHIANAT RAKYAT bkn lg dewan perwakilan rakyat,maka bubarkan...cukup di wakila 5 org sbg pembuat UU mah,sisa uang negaranya buat nyantunin yatim piatu,itu lbh berkah,amin...
2020-10-10T11:50:34Z;Maret;kirim kan pasien korona ke kantor dpr
2020-10-10T11:48:19Z;Maret;DPR<br>Dewan<br>Penghianat<br>Rakyat
2020-10-10T11:41:31Z;Maret;sangat pas jika mnjadi seorang mentri... cerdas... tegas...
2020-10-10T11:39:13Z;Maret;Calon presiden masa mendatang pengganti jokowi dipersiapkan untuk menjadi presiden wanita kedua setelah megawati soekarno putri
2020-10-10T11:30:43Z;Maret;Mantap lanjutkan perjuanganmu kk sebagai jurnalis...
2020-10-10T11:27:51Z;Maret;Kelak rakyat Indonesia mau ngapain aja ada undang undang nya.  berontak di tuduh makar dan di tuduh  pengkhianat negara... Trus mau nya apa se para pejabat negara ini
2020-10-10T11:17:39Z;Maret;"Cakep tayangan ini mewakili rakyat mba nana salam subcribe  putri keluarga imuslim ta&#39;at"
2020-10-10T11:13:58Z;Maret;Semoga didengarkan
2020-10-10T11:11:47Z;Maret;Denger denger nih yg pada DEMO kemaren itu mereka mereka itu cuma kemakan hoax ,,kata pasukan kiri sih di sosmed
2020-10-10T11:09:37Z;Maret;saat pileg ngandalin serangan fajar k rakyat. gini nih akibatnya. DPR diisi orang pintar, bernurani, tapi.... bohong ????
2020-10-10T11:07:27Z;Maret;Mba buat video kayak gini gak akan di tanggapi sama dpr korup itu dia gk peduli sama rakyatnya dia peduli sama uang saja
2020-10-10T11:06:53Z;Maret;biar dibilang kerja tuh anggota dpr
2020-10-10T11:05:40Z;Maret;Saya aja ngak jd nikahan padahal sudah tak rancang sejauh-jauhnya dan malah bulan Oktober saya yg dari Jatim ngak bs nikahan dgn wanita saya yg rumahnya di Tangsel demi mjg dan ikut protokol negara.terimakasih mba nana....??????
2020-10-10T11:04:46Z;Maret;Bukan ngejar setoran mba..soalnya mereka kan dikit lagi ada penggantian ,,makanya mereka buru2x ngambil duitnya dari hasil proyek2x lah rugi katanya..tolong sita uang mentri dan pejabat lain..yg sudah merugikan rakyat ini
2020-10-10T10:55:20Z;Maret;Untuk pemilihan di masa yang akan datang ingat 2 partai ini DEMOKRAT dan PKS Catat...
2020-10-10T10:54:40Z;Maret;Suara rakyat ngk di dengar sama pemerintah.
2020-10-10T10:47:16Z;Maret;"mungkin pemerintah punya pertimbangan lain.. karena desakan pertumbuhan ekonomi... klo masalah corona,menurut sy itu tergantung setiap individu masing&quot;.. klo masih banyak pelanggaran protokol kesehatan.. sampai seumur hiduppun nggak bakal hilang tuh virus.. semua ada konsekuensinya,ada sebab juga ada akibat... itu cuma pendapat sy sih.. ????????????"
2020-10-10T10:46:28Z;Maret;"saya stuju pembela negara ini <br>kalo menurut saya hati&quot; kepada dpr rakyat tidak bodoh"
2020-10-10T10:39:49Z;Maret;Sosok yg lebih dewasa dari kebanyakan yg ada di gedung sana
2020-10-10T10:31:24Z;Maret;Rezim ini benar2 kotor.......klo puan yg jdi bayang2 si mbok sebagai pion2 d papan catur si mak mincong  yg punya propisal pilitik :sikut saya pasti  saya ikut....ini akan mementingkan isi perut lupa akan isi otak...ada  rencana besar dalam sejarah di mana mereka adalah seorang yg ngaku pling pancasila tp gk ngerti apa itu pancasila
2020-10-10T10:21:03Z;Maret;Kasih tau mbak sama mereka, tukang bakso di kampung kami aja di kritik kalok gk enak buatanya apalagi jadi pemimpin bangsa, jadi kalok gk sanggup kuping mereka di kritik ngausah jadi pemimpin <br>Main main ke medan kelen biar tau kata kata pakek otak kau sebelum bertindak
2020-10-10T10:14:30Z;Maret;Investor yang mau cari gampang silahkan ke vietnam atau china! Nanti nya mereka yg tersingkir dari persaingan ketat atau yg tidak tertampung disana toh bakal kemari juga!
2020-10-15T09:22:42Z;Maret;"mantaap suarakn kluhan rakyat...angota dewan cm mikirn kdudukn &amp; uaang"
2020-10-15T09:21:53Z;Maret;aku suka gaya mu kak..... mau kah memimpin negriku 2024?..... pemimpin yang cerdas,open minded,good looking pula...sehat sehalu kak,murah rezeki,selalu menjadi terbaik versi dirimu....
2020-10-15T09:19:49Z;Maret;Inikan oponi lho, giliran ekonomi terpuruk paling komentar koq fokus covid 19. Bacot
2020-10-15T08:28:00Z;Maret;Wakili suara kami rakyat kecil kak <br>Wakili suara kami rakyat kecil kak <br>Wakili suara kami rakyat kecil kak <br>Wakili suara kami rakyat kecil kak
2020-10-15T08:07:08Z;Maret;Dasar DPR gilla...lebih Baiq DPR di hapus dari negara Indonesia karna DPR cmn pentingkan diri sendiri....nggak pernah peduli sama rakyat.......
2020-10-15T07:55:49Z;Maret;"SEANDAINYA PAS WAKTU DEMO ADA PEMERIKSA&#39;AN SUHU BADAN TAK JAMIN 100% SEMUA PENDEMO POSITIF CORONA. <br><br>SEANDAINYA KALO ADA PEMERIKSA&#39;AN SUHU BADAN."
2020-10-15T03:59:54Z;Maret;Perasaan di DPR GK ada yg namanya tuan??
2020-10-15T03:44:10Z;Maret;DPR DEWAN PERWAKILAN.RAMPOK
2020-10-15T03:32:06Z;Maret;"Keberanaianmu dan kejujuranmu membuat rakyat Indonesia bisa merasakan ketenangan&#39;"
2020-10-15T03:02:46Z;Maret;UDAH DI DUKUNG OLEH RAKYAT MALAH NGELUNJAK GA NGOTAK EMNG
2020-10-15T01:56:04Z;Maret;Jangan pangil Terhormat.... Pangil aja Nyonya Tuan P.encabut Nyawa??????
2020-10-15T00:55:07Z;Maret;"Penguasa telah menunjukan kekuasaan nya,maka tunjukan lah ya Allah SWT. kekuasaanmu, sesungguhnya engkaulah yang sudah mengatur alur cerita di dunia ini,aku hanya berlindung kepadamu ya Allah baik buruknya manusia sungguh aku tidak berhak menyatakannya,karena baik buruknya manusia hanyalah engkau yang mengetahuinya, aku baik di mata orang&quot; belum tentu di hadapanmu aku baik maka aku serahkan urusan di dunia ini kepadamu.<br>Semangat semoga Allah SWT.melindungi negara kita aminnnn"
